{
    "M_c": 1.0288881149602602,
    "q": 0.25704207581069505,
    "s1_z": -0.04063544058533217,
    "s2_z": 0.026321496297926156,
    "lambda_1": 7.039733026387287,
    "lambda_2": 24159.27613023879,
    "cos_iota": -0.760668534765649,
    "d_L": 327.2651819506516,
    "t_c": -0.055358703053103225,
    "phase_c": 0.2001330804998751,
    "psi": 1.0094531196693997,
    "ra": 2.8561132064949812,
    "sin_dec": 0.9136024302703576,
    "eta": 0.16266892269400632,
    "iota": 2.43513869815206,
    "dec": 1.1520574008805342,
    "H1_SNR": 6.3894736340656895,
    "L1_SNR": 5.157738501331049,
    "V1_SNR": 8.770175572239644,
    "network_SNR": 12.014308941276742,
    "epoch": 254.0,
    "gmst": 2.7288901910520846,
    "duration": 256.0
}