{
    "mass_1_source": 2.4088030580381763,
    "mass_2_source": 1.1960990273280476,
    "s1_z": 0.04679852344390423,
    "s2_z": -0.041536460823921775,
    "cos_iota": -0.1538051592984151,
    "d_L": 224.18304114967384,
    "t_c": -0.09931661258297951,
    "phase_c": 2.715045494273178,
    "psi": 1.2273539923793242,
    "ra": 3.5807173614501973,
    "sin_dec": -0.5070106317420549,
    "q": 0.49655326670923344,
    "M_c": 1.533990722929232,
    "eta": 0.22170806155279366,
    "iota": 1.7252144369373001,
    "dec": -0.5317130515798709,
    "lambda_1": 6.921814669255374,
    "lambda_2": 1232.184370317386,
    "H1_SNR": 9.988624947748963,
    "L1_SNR": 7.122550235435256,
    "V1_SNR": 1.2933132442508783,
    "network_SNR": 12.335964062481965,
    "epoch": 126.0,
    "gmst": 2.7288901910520846,
    "duration": 128.0
}