{
    "mass_1_source": 1.5682369197518096,
    "mass_2_source": 1.5614857767165071,
    "s1_z": -0.032907070621931524,
    "s2_z": 0.04719343907628981,
    "cos_iota": -0.6069867093713297,
    "d_L": 203.50032658110217,
    "t_c": 0.07243310260806121,
    "phase_c": 1.202421981997373,
    "psi": 1.7131270653517336,
    "ra": 3.0044106900067526,
    "sin_dec": 0.7911786447492251,
    "q": 0.995695074545005,
    "M_c": 1.4249280628013479,
    "eta": 0.24999883672362316,
    "iota": 2.2230597258917566,
    "dec": 0.9127337987894805,
    "lambda_1": 331.67877324615256,
    "lambda_2": 340.0359361944969,
    "H1_SNR": 8.37880520078252,
    "L1_SNR": 6.1031162496130005,
    "V1_SNR": 17.350447883165824,
    "network_SNR": 20.211146585372237,
    "epoch": 126.0,
    "gmst": 2.7288901910520846,
    "duration": 128.0
}