{
    "mass_1_source": 1.8532470667782837,
    "mass_2_source": 1.6000345244760903,
    "s1_z": 0.044044336918075744,
    "s2_z": -0.013944900262866322,
    "cos_iota": 0.5989028345361298,
    "d_L": 258.46491002590295,
    "t_c": 0.00843684044482744,
    "phase_c": 0.6111466149217435,
    "psi": 0.35300738452874714,
    "ra": 3.3077172496346696,
    "sin_dec": 0.5910751618584578,
    "q": 0.8633681677735595,
    "M_c": 1.5857757333347102,
    "eta": 0.24865585398454038,
    "iota": 0.9286659706497674,
    "dec": 0.6323911190393141,
    "lambda_1": 20.80607832536502,
    "lambda_2": 70.25350166205634,
    "H1_SNR": 3.8915134580554467,
    "L1_SNR": 4.970486026306794,
    "V1_SNR": 14.265313743341153,
    "network_SNR": 15.599640525598522,
    "epoch": 126.0,
    "gmst": 2.7288901910520846,
    "duration": 128.0
}