{
    "M_c": 2.5987915618041963,
    "q": 0.4099673976442585,
    "s1_z": -0.0010140618697484158,
    "s2_z": -0.0034957333781173022,
    "lambda_1": 3.1428652233793293,
    "lambda_2": 88.56343176641705,
    "cos_iota": 0.8740263104409789,
    "d_L": 241.80207919216264,
    "t_c": 0.014662689109409627,
    "phase_c": 2.3559001391867467,
    "psi": 0.3837722585414943,
    "ra": 6.041386307351943,
    "sin_dec": 0.6251739353579486,
    "eta": 0.20622018863709382,
    "iota": 0.5073681138169254,
    "dec": 0.6753543683990398,
    "H1_SNR": 31.541732062621527,
    "L1_SNR": 17.678539797058246,
    "V1_SNR": 12.848463370949695,
    "network_SNR": 38.37309789241696,
    "epoch": 62.0,
    "gmst": 2.7288901910520846,
    "duration": 64.0
}