{
    "mass_1_source": 2.429495975157436,
    "mass_2_source": 1.8783658486596493,
    "s1_z": -0.04988587717735078,
    "s2_z": -0.020912619026417237,
    "cos_iota": 0.7717875825300218,
    "d_L": 227.245871952363,
    "t_c": 0.07974241597327877,
    "phase_c": 2.09279526441364,
    "psi": 0.03858639921422906,
    "ra": 0.753327560209954,
    "sin_dec": -0.5378346464535078,
    "q": 0.7731504262063771,
    "M_c": 1.9519640368477846,
    "eta": 0.24590810215991796,
    "iota": 0.6891487582489623,
    "dec": -0.56786652400984,
    "lambda_1": 5.858945874590735,
    "lambda_2": 78.66514199377521,
    "H1_SNR": 9.015813662295933,
    "L1_SNR": 12.503700288722547,
    "V1_SNR": 17.22306866348968,
    "network_SNR": 23.114097669836095,
    "epoch": 126.0,
    "gmst": 2.7288901910520846,
    "duration": 128.0
}