{
    "M_c": 1.3245707444160553,
    "q": 0.2597176398595285,
    "s1_z": -0.03441723015888374,
    "s2_z": -0.007390388374455423,
    "lambda_1": 7.039733026387287,
    "lambda_2": 6102.273142598536,
    "cos_iota": 0.6286553731468416,
    "d_L": 188.8283086441042,
    "t_c": -0.008683028878222213,
    "phase_c": 5.888508008484916,
    "psi": 1.3524241466378162,
    "ra": 2.330535715084552,
    "sin_dec": 0.906472052928903,
    "eta": 0.16366470271471587,
    "iota": 0.8909733404912029,
    "dec": 1.1348528621484022,
    "H1_SNR": 14.413094849868022,
    "L1_SNR": 12.62107590087761,
    "V1_SNR": 16.221668226176075,
    "network_SNR": 25.103214536930047,
    "epoch": 254.0,
    "gmst": 2.7288901910520846,
    "duration": 256.0
}