{
    "mass_1_source": 1.1700082689581641,
    "mass_2_source": 1.0967339712567565,
    "s1_z": -0.04195968356242517,
    "s2_z": -0.005023591132133978,
    "cos_iota": 0.9310160633851496,
    "d_L": 258.16804703540697,
    "t_c": 0.09383326203335604,
    "phase_c": 3.5699567747870598,
    "psi": 0.8777885942045188,
    "ra": 4.099469960544009,
    "sin_dec": 0.4918600876855912,
    "q": 0.9373728377435702,
    "M_c": 1.0435583681271157,
    "eta": 0.24973876036844142,
    "iota": 0.37360939246256525,
    "dec": 0.5142248430596799,
    "lambda_1": 769.3182412831867,
    "lambda_2": 1121.5795539994203,
    "H1_SNR": 8.084529433940824,
    "L1_SNR": 10.123052227308731,
    "V1_SNR": 9.089256072723593,
    "network_SNR": 15.825624111567244,
    "epoch": 254.0,
    "gmst": 2.7288901910520846,
    "duration": 256.0
}