{
    "mass_1_source": 2.3362664529436774,
    "mass_2_source": 1.6513312973024594,
    "s1_z": 0.005414348690891323,
    "s2_z": 0.03814542098737446,
    "cos_iota": -0.5658418212472416,
    "d_L": 196.2857939628268,
    "t_c": 0.04109744789315717,
    "phase_c": 6.114003246687722,
    "psi": 0.0553393677288423,
    "ra": 3.2485902636797777,
    "sin_dec": 0.1179087527561018,
    "q": 0.7068248979998814,
    "M_c": 1.7804041242490014,
    "eta": 0.24262407928675123,
    "iota": 2.172250214183926,
    "dec": 0.11818368012435673,
    "lambda_1": 19.666628704709233,
    "lambda_2": 246.37196471938498,
    "H1_SNR": 13.81197687977519,
    "L1_SNR": 13.858820014636093,
    "V1_SNR": 15.1178956577069,
    "network_SNR": 24.726268756988702,
    "epoch": 126.0,
    "gmst": 2.7288901910520846,
    "duration": 128.0
}