{
    "mass_1_source": 1.6645317267673736,
    "mass_2_source": 1.1615096744916438,
    "s1_z": -0.0387256308538722,
    "s2_z": 0.04849230584172588,
    "cos_iota": -0.866623659061394,
    "d_L": 863.2529880935161,
    "t_c": -0.07876297946508114,
    "phase_c": 1.5463743496877391,
    "psi": 0.8948718932275023,
    "ra": 5.596482668286343,
    "sin_dec": -0.5838388200656079,
    "q": 0.6977996608976444,
    "M_c": 1.4419228731869325,
    "eta": 0.24207941938894326,
    "iota": 2.6191916312428156,
    "dec": -0.6234490667278999,
    "lambda_1": 79.80307208657828,
    "lambda_2": 803.0376550495536,
    "ET1_SNR": 32.24359073564529,
    "ET2_SNR": 32.42563398472952,
    "ET3_SNR": 32.14578985254636,
    "network_SNR": 55.89653556423251,
    "epoch": 126.0,
    "gmst": 2.7288901910520846,
    "duration": 128.0
}