{
    "mass_1_source": 1.97659661752149,
    "mass_2_source": 1.606764186678158,
    "s1_z": 0.0026150810848403414,
    "s2_z": -0.031275540466147916,
    "cos_iota": 0.2072900501999535,
    "d_L": 193.09715439838385,
    "t_c": -0.07101910697787708,
    "phase_c": 6.193118857522112,
    "psi": 1.6105808889186946,
    "ra": 6.009367638558551,
    "sin_dec": -0.983617923955237,
    "q": 0.8128943318201792,
    "M_c": 1.6173767468428635,
    "eta": 0.24733701380597442,
    "iota": 1.3619923021177283,
    "dec": -1.3895395960756871,
    "lambda_1": 9.004527405926021,
    "lambda_2": 67.9273582732767,
    "H1_SNR": 13.028245425972116,
    "L1_SNR": 10.0946923442852,
    "V1_SNR": 10.874207528893349,
    "network_SNR": 19.745540807650073,
    "epoch": 126.0,
    "gmst": 2.7288901910520846,
    "duration": 128.0
}