{
    "M_c": 1.4484169900514465,
    "q": 0.7535968591295593,
    "s1_z": -0.02985595964835477,
    "s2_z": 0.04107947156514029,
    "lambda_1": 81.29616666141722,
    "lambda_2": 493.6969084101921,
    "cos_iota": 0.7461137660617849,
    "d_L": 119.72005379975708,
    "t_c": 0.04040048037277458,
    "phase_c": 2.420448333116687,
    "psi": 1.8660767028159557,
    "ra": 0.4008590612233078,
    "sin_dec": -0.9281692860940529,
    "eta": 0.24506402479254466,
    "iota": 0.7285902724712788,
    "dec": -1.1894630914748083,
    "H1_SNR": 18.504686721675675,
    "L1_SNR": 13.220227317133968,
    "V1_SNR": 30.089729631863978,
    "network_SNR": 37.717233067958844,
    "epoch": 126.0,
    "gmst": 2.7288901910520846,
    "duration": 128.0
}