{
    "mass_1_source": 2.3732776402790563,
    "mass_2_source": 1.973011633389409,
    "s1_z": -0.002267258493121836,
    "s2_z": -0.02212596954638737,
    "cos_iota": -0.8974788658142248,
    "d_L": 385.68260060780926,
    "t_c": 0.06492306945707302,
    "phase_c": 4.252011151420677,
    "psi": 2.8002804061128774,
    "ra": 5.536648312887073,
    "sin_dec": -0.2692066025576896,
    "q": 0.8313446349064398,
    "M_c": 2.0462167254600407,
    "eta": 0.24787968605396307,
    "iota": 2.684816061673369,
    "dec": -0.27256912599221966,
    "lambda_1": 8.803379932246102,
    "lambda_2": 54.43658826075624,
    "H1_SNR": 8.740993207757914,
    "L1_SNR": 11.74236805906565,
    "V1_SNR": 13.400168133972304,
    "network_SNR": 19.845721854126694,
    "epoch": 126.0,
    "gmst": 2.7288901910520846,
    "duration": 128.0
}