{
    "mass_1_source": 1.4138951282693721,
    "mass_2_source": 1.140465957336729,
    "s1_z": 0.012320502539628665,
    "s2_z": -0.0028106223329217514,
    "cos_iota": 0.886859900608528,
    "d_L": 371.6836314376592,
    "t_c": -0.007216481409270378,
    "phase_c": 0.1463719890076094,
    "psi": 0.3965573253495629,
    "ra": 0.9436775930573488,
    "sin_dec": -0.43530685796056456,
    "q": 0.8066128346680674,
    "M_c": 1.196923061417741,
    "eta": 0.2471353925221029,
    "iota": 0.48029231347844487,
    "dec": -0.4503790951314575,
    "lambda_1": 172.2775361681326,
    "lambda_2": 754.1095694121205,
    "H1_SNR": 6.351705050141115,
    "L1_SNR": 8.016213839764028,
    "V1_SNR": 6.698914134971107,
    "network_SNR": 12.226172416440404,
    "epoch": 254.0,
    "gmst": 2.7288901910520846,
    "duration": 256.0
}