{
    "mass_1_source": 1.7751869113158025,
    "mass_2_source": 1.5662744950640881,
    "s1_z": 0.020233338010116578,
    "s2_z": 0.047875813870209144,
    "cos_iota": 0.8990012579510589,
    "d_L": 444.9380234131852,
    "t_c": -0.08777514819900914,
    "phase_c": 6.0439957985871,
    "psi": 1.295308685031859,
    "ra": 4.2986232638068165,
    "sin_dec": 0.543457267357573,
    "q": 0.8823152565400201,
    "M_c": 1.596924417661595,
    "eta": 0.24902277264823353,
    "iota": 0.4533126908022418,
    "dec": 0.5745502004445462,
    "lambda_1": 48.73607149341181,
    "lambda_2": 122.71675392732512,
    "H1_SNR": 7.077544758857656,
    "L1_SNR": 8.429187833942759,
    "V1_SNR": 5.921927492935867,
    "network_SNR": 12.498482811330014,
    "epoch": 126.0,
    "gmst": 2.7288901910520846,
    "duration": 128.0
}