{
    "M_c": 2.036673130484189,
    "q": 0.6290262551362221,
    "s1_z": -0.0028541458001238446,
    "s2_z": -0.019082974527534203,
    "lambda_1": 7.039733026387287,
    "lambda_2": 31.760476484103993,
    "cos_iota": 0.20340933607579892,
    "d_L": 373.7959892958178,
    "t_c": 0.016382723496695478,
    "phase_c": 5.602315708425741,
    "psi": 2.2037859762843355,
    "ra": 0.2006031864074195,
    "sin_dec": 0.028275808622918674,
    "eta": 0.23703506961739917,
    "iota": 1.3659575232753838,
    "dec": 0.028279577831308588,
    "H1_SNR": 8.490520210435458,
    "L1_SNR": 6.579726220212065,
    "V1_SNR": 4.6873662942502925,
    "network_SNR": 11.71977531155068,
    "epoch": 126.0,
    "gmst": 2.7288901910520846,
    "duration": 128.0
}