{
    "mass_1_source": 1.394365934058015,
    "mass_2_source": 1.0739823989934494,
    "s1_z": 0.03531722530111568,
    "s2_z": -0.011524533610012114,
    "cos_iota": 0.6673860320821028,
    "d_L": 327.61178105860716,
    "t_c": 0.01257835635941125,
    "phase_c": 1.3606956873967593,
    "psi": 0.6599406315320764,
    "ra": 3.464430148221578,
    "sin_dec": -0.3958815008047285,
    "q": 0.770229946645243,
    "M_c": 1.1422412573552891,
    "eta": 0.24578820240611984,
    "iota": 0.8401031235073948,
    "dec": -0.407027577815039,
    "lambda_1": 263.86313423171345,
    "lambda_2": 1265.3284550648923,
    "H1_SNR": 11.139812554986971,
    "L1_SNR": 9.562789799255059,
    "V1_SNR": 2.9766685402110453,
    "network_SNR": 14.9800843823813,
    "epoch": 254.0,
    "gmst": 2.7288901910520846,
    "duration": 256.0
}