{
    "M_c": 2.0677971972680225,
    "q": 0.9672091993933949,
    "s1_z": -0.01593946655875924,
    "s2_z": 0.033112393528361914,
    "lambda_1": 7.039733026387287,
    "lambda_2": 7.039733026387287,
    "cos_iota": 0.7173951264832041,
    "d_L": 402.6961598409205,
    "t_c": 0.005795199290676983,
    "phase_c": 4.739604217831606,
    "psi": 1.808375921169891,
    "ra": 6.029539834293233,
    "sin_dec": 0.5717039252801035,
    "eta": 0.2499305386921637,
    "iota": 0.7707402964607382,
    "dec": 0.6085811487925147,
    "H1_SNR": 13.289349065016799,
    "L1_SNR": 7.100603799926278,
    "V1_SNR": 5.782004337009197,
    "network_SNR": 16.1386786029273,
    "epoch": 126.0,
    "gmst": 2.7288901910520846,
    "duration": 128.0
}