{
    "mass_1_source": 1.6979621595937355,
    "mass_2_source": 1.4603504319874545,
    "s1_z": 0.04122607908778729,
    "s2_z": 0.03537574300899736,
    "cos_iota": -0.4414514159282463,
    "d_L": 656.9022985464893,
    "t_c": -0.09711029779184344,
    "phase_c": 6.244841076084829,
    "psi": 1.4670674028570303,
    "ra": 4.434945031934986,
    "sin_dec": -0.3956437497789267,
    "q": 0.8600606460728587,
    "M_c": 1.5734212968426742,
    "eta": 0.24858497038567973,
    "iota": 2.0280119215020473,
    "dec": -0.40676868927494997,
    "lambda_1": 68.87950050431306,
    "lambda_2": 195.97245625463833,
    "ET1_SNR": 11.825079727306992,
    "ET2_SNR": 8.054093313800676,
    "ET3_SNR": 12.369293885302614,
    "network_SNR": 18.912968061242005,
    "epoch": 126.0,
    "gmst": 2.7288901910520846,
    "duration": 128.0
}