{
    "mass_1_source": 2.3869282346847136,
    "mass_2_source": 1.7738181511107338,
    "s1_z": 0.016985160558981513,
    "s2_z": 0.0032991264955212,
    "cos_iota": -0.997407855159131,
    "d_L": 250.16872177180176,
    "t_c": 0.0911684745284369,
    "phase_c": 0.10625175867100412,
    "psi": 2.4968728485803595,
    "ra": 1.79590733292201,
    "sin_dec": -0.5693953545811765,
    "q": 0.7431384510582218,
    "M_c": 1.8884065953463431,
    "eta": 0.24457156755984116,
    "iota": 3.0695750795573753,
    "dec": -0.6057701464353282,
    "lambda_1": 14.796449977498872,
    "lambda_2": 162.86297678125908,
    "H1_SNR": 15.894473142464784,
    "L1_SNR": 16.88033615554027,
    "V1_SNR": 7.946245189640723,
    "network_SNR": 24.509647851702454,
    "epoch": 126.0,
    "gmst": 2.7288901910520846,
    "duration": 128.0
}