{
    "mass_1_source": 1.887999090913206,
    "mass_2_source": 1.212812339456303,
    "s1_z": -0.016600290051245796,
    "s2_z": 0.008135707816173829,
    "cos_iota": 0.8080053728270631,
    "d_L": 368.8396821199638,
    "t_c": -0.022312171457558844,
    "phase_c": 2.2959154030631885,
    "psi": 0.012853209752933335,
    "ra": 1.5931487381679093,
    "sin_dec": 0.10711179404586701,
    "q": 0.6423797263957781,
    "M_c": 1.4201937737067793,
    "eta": 0.23814675885158262,
    "iota": 0.6300375712666365,
    "dec": 0.1073176732117243,
    "lambda_1": 17.047097689120466,
    "lambda_2": 497.5292482843603,
    "H1_SNR": 7.747536302399374,
    "L1_SNR": 12.586025258136868,
    "V1_SNR": 4.644184963404576,
    "network_SNR": 15.491959350894533,
    "epoch": 126.0,
    "gmst": 2.7288901910520846,
    "duration": 128.0
}