{
    "mass_1_source": 1.1587651749345382,
    "mass_2_source": 1.0719655781388682,
    "s1_z": 0.026576769393911848,
    "s2_z": -0.014352467831376385,
    "cos_iota": -0.7491234682570531,
    "d_L": 373.0291186883529,
    "t_c": -0.04278578448309141,
    "phase_c": 0.8943814095750088,
    "psi": 2.4678784167791497,
    "ra": 0.7859201717577905,
    "sin_dec": 0.9076680218614324,
    "q": 0.9250930225784757,
    "M_c": 1.0518676528837163,
    "eta": 0.2496214867252486,
    "iota": 2.417534208096809,
    "dec": 1.1376937943910912,
    "lambda_1": 814.2715095440617,
    "lambda_2": 1279.0447854832103,
    "H1_SNR": 10.498543987552752,
    "L1_SNR": 9.13931829700594,
    "V1_SNR": 3.9552170303910787,
    "network_SNR": 14.470325032633621,
    "epoch": 254.0,
    "gmst": 2.7288901910520846,
    "duration": 256.0
}