{
    "mass_1_source": 1.7012549473403396,
    "mass_2_source": 1.5596208101269444,
    "s1_z": -0.03062129893831658,
    "s2_z": 0.030113532480805755,
    "cos_iota": -0.29344391738940345,
    "d_L": 587.7049741785036,
    "t_c": 0.03027540690899838,
    "phase_c": 1.5459441304906654,
    "psi": 1.7996569113161398,
    "ra": 4.870584947992282,
    "sin_dec": 0.5099924039434733,
    "q": 0.9167472591719312,
    "M_c": 1.6060452472908733,
    "eta": 0.24952836352243646,
    "iota": 1.868623696048418,
    "dec": 0.5351759594656701,
    "lambda_1": 67.88429409969572,
    "lambda_2": 126.35002072779422,
    "ET1_SNR": 9.797249243003797,
    "ET2_SNR": 9.600282072046078,
    "ET3_SNR": 3.4566240870478504,
    "network_SNR": 14.145662185686014,
    "epoch": 126.0,
    "gmst": 2.7288901910520846,
    "duration": 128.0
}