{
    "mass_1_source": 1.5223785872017266,
    "mass_2_source": 1.0674253810821854,
    "s1_z": -0.008318706603747714,
    "s2_z": -0.011930946230283304,
    "cos_iota": 0.6751986480166079,
    "d_L": 563.2751284671987,
    "t_c": 0.017531089656342397,
    "phase_c": 3.320419598508518,
    "psi": 2.6250816215389112,
    "ra": 5.068562848390883,
    "sin_dec": -0.10631762984497506,
    "q": 0.7011563286923344,
    "M_c": 1.2470757480890353,
    "eta": 0.2422849333099467,
    "iota": 0.8295623541713006,
    "dec": -0.10651894801352285,
    "lambda_1": 148.83285630454876,
    "lambda_2": 1310.5257652757762,
    "ET1_SNR": 18.69946957839648,
    "ET2_SNR": 23.736878863928137,
    "ET3_SNR": 19.838303325569616,
    "network_SNR": 36.147861064680995,
    "epoch": 254.0,
    "gmst": 2.7288901910520846,
    "duration": 256.0
}