{
    "mass_1_source": 2.434868584052939,
    "mass_2_source": 1.0023745614041795,
    "s1_z": -0.0062486994865692536,
    "s2_z": 0.0493262931038073,
    "cos_iota": -0.04198084380021294,
    "d_L": 238.49734807652723,
    "t_c": 0.004537024556337421,
    "phase_c": 2.6551407279688575,
    "psi": 2.3391517983437793,
    "ra": 3.4540039188798946,
    "sin_dec": -0.01636471424782915,
    "q": 0.411675015222253,
    "M_c": 1.4062306619164897,
    "eta": 0.2065784685709797,
    "iota": 1.6127895114968274,
    "dec": -0.016365444758175397,
    "lambda_1": 5.5802837762785575,
    "lambda_2": 3105.159964637758,
    "H1_SNR": 9.567968004578654,
    "L1_SNR": 8.687750055568936,
    "V1_SNR": 6.510593672731631,
    "network_SNR": 14.471034611806166,
    "epoch": 126.0,
    "gmst": 2.7288901910520846,
    "duration": 128.0
}