{
    "M_c": 2.507848723373029,
    "q": 0.9109149707892946,
    "s1_z": -0.0052795076168867805,
    "s2_z": 0.03341299251886505,
    "lambda_1": 3.1428652233793293,
    "lambda_2": 3.1428652233793293,
    "cos_iota": -0.8463998954582319,
    "d_L": 225.05650641070076,
    "t_c": 0.09713121992909782,
    "phase_c": 4.100411994139835,
    "psi": 2.8707140669524165,
    "ra": 3.007881998607788,
    "sin_dec": -0.005472155069535134,
    "eta": 0.2494566661828236,
    "iota": 2.5799847039913963,
    "dec": -0.005472182380043825,
    "H1_SNR": 25.37637063078206,
    "L1_SNR": 20.635553844754796,
    "V1_SNR": 23.34454416049915,
    "network_SNR": 40.18400192778324,
    "epoch": 62.0,
    "gmst": 2.7288901910520846,
    "duration": 64.0
}