{
    "mass_1_source": 2.4624916769654117,
    "mass_2_source": 1.4808551457956203,
    "s1_z": -0.029105373470051002,
    "s2_z": -0.016529859120832935,
    "cos_iota": 0.9939363050558647,
    "d_L": 300.1874457759979,
    "t_c": 0.001759324263814449,
    "phase_c": 5.827226456052471,
    "psi": 2.2343834341419626,
    "ra": 1.7494211584765853,
    "sin_dec": 0.8479656145918759,
    "q": 0.6013645283140668,
    "M_c": 1.7638482877338622,
    "eta": 0.23450785754621506,
    "iota": 0.11018015191989444,
    "dec": 1.012135336232869,
    "lambda_1": 3.956521954559978,
    "lambda_2": 368.8280064507737,
    "H1_SNR": 21.46604420616175,
    "L1_SNR": 21.581261885884164,
    "V1_SNR": 15.878376777600002,
    "network_SNR": 34.33168751371587,
    "epoch": 126.0,
    "gmst": 2.7288901910520846,
    "duration": 128.0
}