{
    "mass_1_source": 1.9280860208018498,
    "mass_2_source": 1.8760499525915297,
    "s1_z": 0.039617583877247564,
    "s2_z": 0.010383015191199753,
    "cos_iota": -0.664164834433218,
    "d_L": 382.2966182894899,
    "t_c": -0.08341015436716077,
    "phase_c": 1.5626407952585555,
    "psi": 3.0400884976193434,
    "ra": 6.194382583056498,
    "sin_dec": -0.07997297316634144,
    "q": 0.9730115421983717,
    "M_c": 1.798680273297582,
    "eta": 0.24995322251224875,
    "iota": 2.2971724400561078,
    "dec": -0.08005846632627142,
    "lambda_1": 64.88461563712617,
    "lambda_2": 79.37130383554737,
    "H1_SNR": 8.56627402601737,
    "L1_SNR": 7.724044692529601,
    "V1_SNR": 9.270694251746457,
    "network_SNR": 14.798232631310379,
    "epoch": 126.0,
    "gmst": 2.7288901910520846,
    "duration": 128.0
}