{
    "mass_1_source": 2.4176710711220935,
    "mass_2_source": 1.8871449359429564,
    "s1_z": -0.023188716775720986,
    "s2_z": -0.004831082507161952,
    "cos_iota": 0.4496326693790218,
    "d_L": 208.13697820244565,
    "t_c": -0.053341450175829676,
    "phase_c": 3.076372953138689,
    "psi": 1.898851766979089,
    "ra": 4.556623993970524,
    "sin_dec": -0.29257339861265574,
    "q": 0.78056314545183,
    "M_c": 1.9439703325220994,
    "eta": 0.24620296686162724,
    "iota": 1.10444227646692,
    "dec": -0.29691688927895044,
    "lambda_1": 6.466407478141631,
    "lambda_2": 76.04240137695214,
    "H1_SNR": 17.41901822608814,
    "L1_SNR": 23.493167728351175,
    "V1_SNR": 9.329214693926593,
    "network_SNR": 30.698295924669953,
    "epoch": 126.0,
    "gmst": 2.7288901910520846,
    "duration": 128.0
}