{
    "mass_1_source": 1.7746041013509382,
    "mass_2_source": 1.223970273432132,
    "s1_z": 0.0450406426857833,
    "s2_z": -0.020271366282890214,
    "cos_iota": 0.4548368930033986,
    "d_L": 258.7648938529114,
    "t_c": -0.028458796822043025,
    "phase_c": 4.039261259814565,
    "psi": 2.2245964081672875,
    "ra": 3.9392370276308286,
    "sin_dec": -0.6882498143813018,
    "q": 0.6897145523896684,
    "M_c": 1.353377087276684,
    "eta": 0.24156983383072875,
    "iota": 1.0986072692455227,
    "dec": -0.759073810727193,
    "lambda_1": 162.42046727592356,
    "lambda_2": 1245.0549723217014,
    "H1_SNR": 14.908456009574488,
    "L1_SNR": 14.090697567264474,
    "V1_SNR": 2.925287994549765,
    "network_SNR": 20.721175844352743,
    "epoch": 254.0,
    "gmst": 2.7288901910520846,
    "duration": 256.0
}