{
    "M_c": 1.2425129280676785,
    "q": 0.7205924047848513,
    "s1_z": 0.046934193750033854,
    "s2_z": -0.04150143390267036,
    "lambda_1": 163.81384496003696,
    "lambda_2": 1141.8097060468965,
    "cos_iota": 0.9302328418224595,
    "d_L": 390.02005225678823,
    "t_c": 0.06308334606448626,
    "phase_c": 3.0052952419629384,
    "psi": 1.5074209603584583,
    "ra": 4.045160003539005,
    "sin_dec": -0.018303235207186574,
    "eta": 0.24340734391561086,
    "iota": 0.37574949318356654,
    "dec": -0.01830425731759613,
    "H1_SNR": 10.441881273031179,
    "L1_SNR": 12.320936113484139,
    "V1_SNR": 6.229430556534671,
    "network_SNR": 17.310232704713265,
    "epoch": 254.0,
    "gmst": 2.7288901910520846,
    "duration": 256.0
}