{
    "mass_1_source": 2.074896467283389,
    "mass_2_source": 1.8747581370751374,
    "s1_z": -0.041649537001397355,
    "s2_z": -0.0019068656250999377,
    "cos_iota": 0.8650845286472522,
    "d_L": 446.26095860080596,
    "t_c": 0.022542263212457087,
    "phase_c": 1.272527845836022,
    "psi": 1.1515230629138689,
    "ra": 0.3879329790219513,
    "sin_dec": -0.006046007200732895,
    "q": 0.9035429799202039,
    "M_c": 1.8896249000535568,
    "eta": 0.24935807791744505,
    "iota": 0.5254774703472792,
    "dec": -0.006046044035834644,
    "lambda_1": 36.23024993197941,
    "lambda_2": 79.7679997173909,
    "H1_SNR": 11.187992789567843,
    "L1_SNR": 11.47748466269729,
    "V1_SNR": 8.335581587442451,
    "network_SNR": 18.066149485786482,
    "epoch": 126.0,
    "gmst": 2.7288901910520846,
    "duration": 128.0
}