{
    "mass_1_source": 1.4796510804251484,
    "mass_2_source": 1.342429287067801,
    "s1_z": 0.027677900149899,
    "s2_z": -0.024106721903764106,
    "cos_iota": -0.8052085967967133,
    "d_L": 267.07010026748634,
    "t_c": -0.06423447869250438,
    "phase_c": 4.623902375390792,
    "psi": 3.0754220804876407,
    "ra": 2.3494576947939865,
    "sin_dec": 0.09240999480400269,
    "q": 0.9072607081678206,
    "M_c": 1.3006613634526336,
    "eta": 0.24940891840659515,
    "iota": 2.506823481240586,
    "dec": 0.09254202698753729,
    "lambda_1": 179.82240982835611,
    "lambda_2": 334.98419045860174,
    "H1_SNR": 5.701158211018642,
    "L1_SNR": 8.927621558293001,
    "V1_SNR": 10.655770179407819,
    "network_SNR": 15.025014800376077,
    "epoch": 254.0,
    "gmst": 2.7288901910520846,
    "duration": 256.0
}