{
    "M_c": 1.9817177240796262,
    "q": 0.6831754325068211,
    "s1_z": -0.026011170881011236,
    "s2_z": 0.015002586472677645,
    "lambda_1": 7.039733026387287,
    "lambda_2": 28.256708207864037,
    "cos_iota": -0.376968739623353,
    "d_L": 384.82582764385506,
    "t_c": 0.07831022633523696,
    "phase_c": 0.5453958672282723,
    "psi": 2.2520391065231777,
    "ra": 3.1348255828684057,
    "sin_dec": 0.5387236822688442,
    "eta": 0.24114234128704534,
    "iota": 1.9573177342765784,
    "dec": 0.5689214256961985,
    "H1_SNR": 3.93985733092968,
    "L1_SNR": 4.747728588281026,
    "V1_SNR": 9.603974145295277,
    "network_SNR": 11.414890359506806,
    "epoch": 126.0,
    "gmst": 2.7288901910520846,
    "duration": 128.0
}