{
    "mass_1_source": 1.608862160181192,
    "mass_2_source": 1.584489877961777,
    "s1_z": 0.040961793503744764,
    "s2_z": -0.04726377435395233,
    "cos_iota": -0.293086477824263,
    "d_L": 57.724339495092785,
    "t_c": 0.026346851386557762,
    "phase_c": 6.167026146186934,
    "psi": 2.5879308279769724,
    "ra": 3.150750635282462,
    "sin_dec": 0.5815677086088735,
    "q": 0.9848512303772063,
    "M_c": 1.408067845473971,
    "eta": 0.24998543740374154,
    "iota": 1.868249817462109,
    "dec": 0.6206544866118882,
    "lambda_1": 222.30846648803018,
    "lambda_2": 244.53309042857424,
    "H1_SNR": 20.139619565932506,
    "L1_SNR": 17.484846186394623,
    "V1_SNR": 33.3300054582126,
    "network_SNR": 42.68739142026427,
    "epoch": 126.0,
    "gmst": 2.7288901910520846,
    "duration": 128.0
}