{
    "mass_1_source": 2.3358574365308478,
    "mass_2_source": 2.2449788765369947,
    "s1_z": -0.03876278904324271,
    "s2_z": 0.04343353491174347,
    "cos_iota": -0.6022755864807388,
    "d_L": 455.8652946001357,
    "t_c": -0.05357023004982291,
    "phase_c": 2.7955250272323426,
    "psi": 2.826176088433488,
    "ra": 1.242854474107165,
    "sin_dec": -0.5881531255102255,
    "q": 0.9610941324703346,
    "M_c": 2.198790921186867,
    "eta": 0.2499016049307876,
    "iota": 2.217144963190245,
    "dec": -0.6287733221751884,
    "lambda_1": 10.960948582479604,
    "lambda_2": 17.35216054191771,
    "H1_SNR": 6.868116920638385,
    "L1_SNR": 7.912630254152063,
    "V1_SNR": 4.866962140044357,
    "network_SNR": 11.552838094905812,
    "epoch": 62.0,
    "gmst": 2.7288901910520846,
    "duration": 64.0
}