{
    "M_c": 1.764938928506743,
    "q": 0.4518055790371569,
    "s1_z": 0.03721915174414732,
    "s2_z": -0.037661949822195534,
    "lambda_1": 3.1428652233793293,
    "lambda_2": 640.3686137296056,
    "cos_iota": 0.771029106159073,
    "d_L": 122.59600980511283,
    "t_c": 0.014932110373132357,
    "phase_c": 5.737766949190529,
    "psi": 1.6848433234380809,
    "ra": 5.2315902456001675,
    "sin_dec": 0.9849770830593427,
    "eta": 0.21435551786334023,
    "iota": 0.6903406935026393,
    "dec": 1.397241246010704,
    "H1_SNR": 36.632279806666524,
    "L1_SNR": 29.048839551948692,
    "V1_SNR": 26.725628681089805,
    "network_SNR": 53.85181734675494,
    "epoch": 126.0,
    "gmst": 2.7288901910520846,
    "duration": 128.0
}