{
    "mass_1_source": 1.7236240341252311,
    "mass_2_source": 1.1005043050987584,
    "s1_z": 0.005306816725469107,
    "s2_z": -0.01759608174095533,
    "cos_iota": -0.9951817860274876,
    "d_L": 449.77095155492526,
    "t_c": -0.0022272231716008173,
    "phase_c": 2.3065056208410994,
    "psi": 0.7884328556292887,
    "ra": 3.7565733379590895,
    "sin_dec": -0.15610068297171376,
    "q": 0.6384828032740233,
    "M_c": 1.3142527189729285,
    "eta": 0.2378293393045073,
    "iota": 3.0433878864016553,
    "dec": -0.15674169901275592,
    "lambda_1": 61.4704218741906,
    "lambda_2": 1099.5752501715453,
    "H1_SNR": 11.212458363479069,
    "L1_SNR": 11.683083971131698,
    "V1_SNR": 5.641977285187956,
    "network_SNR": 17.147757326129938,
    "epoch": 254.0,
    "gmst": 2.7288901910520846,
    "duration": 256.0
}