{
    "M_c": 1.8923324174050276,
    "q": 0.7654414822149415,
    "s1_z": 0.04360623579830401,
    "s2_z": 0.034931585939685594,
    "lambda_1": 7.039733026387287,
    "lambda_2": 25.846818471568493,
    "cos_iota": -0.6617227158993484,
    "d_L": 384.8668688154383,
    "t_c": -0.05878765500814436,
    "phase_c": 4.2907944251452586,
    "psi": 0.4443377813611715,
    "ra": 2.4860486357543965,
    "sin_dec": 0.3432855704863029,
    "eta": 0.2455869812563579,
    "iota": 2.2939104891074824,
    "dec": 0.3504128204439064,
    "H1_SNR": 7.210226442447055,
    "L1_SNR": 8.916054366731034,
    "V1_SNR": 10.53634989611572,
    "network_SNR": 15.572349211189813,
    "epoch": 126.0,
    "gmst": 2.7288901910520846,
    "duration": 128.0
}