{
    "M_c": 1.7936052779472775,
    "q": 0.8269075813624146,
    "s1_z": -0.04565807522082939,
    "s2_z": -0.04665400733348486,
    "lambda_1": 20.102502177833582,
    "lambda_2": 94.79224751478063,
    "cos_iota": -0.5540404626814586,
    "d_L": 109.52684248319049,
    "t_c": 0.05107400556072261,
    "phase_c": 1.8156555996762433,
    "psi": 0.01362168128112017,
    "ra": 0.9948357754175172,
    "sin_dec": -0.8667274836344867,
    "eta": 0.24775579283085794,
    "iota": 2.158006238672729,
    "dec": -1.0486034230376322,
    "H1_SNR": 20.394075184077447,
    "L1_SNR": 17.463412924767724,
    "V1_SNR": 28.016791267922653,
    "network_SNR": 38.80502140889881,
    "epoch": 126.0,
    "gmst": 2.7288901910520846,
    "duration": 128.0
}