{
    "mass_1_source": 1.7906162934923846,
    "mass_2_source": 1.7619286890059667,
    "s1_z": 0.014917209861319614,
    "s2_z": 0.048436452508337086,
    "cos_iota": 0.05430108643112508,
    "d_L": 163.09452573821818,
    "t_c": 0.040704373965351814,
    "phase_c": 2.6062280102917263,
    "psi": 2.82302824611658,
    "ra": 0.827594531872762,
    "sin_dec": -0.46936869263001935,
    "q": 0.9839789213408384,
    "M_c": 1.6032581930987986,
    "eta": 0.24998369768026485,
    "iota": 1.5164685194571024,
    "dec": -0.4885756865089965,
    "lambda_1": 110.24400907292171,
    "lambda_2": 123.08059852542175,
    "H1_SNR": 8.661514933538761,
    "L1_SNR": 11.468283247244742,
    "V1_SNR": 3.2880581648263965,
    "network_SNR": 14.742953845082434,
    "epoch": 126.0,
    "gmst": 2.7288901910520846,
    "duration": 128.0
}