{
    "mass_1_source": 2.0972747238328697,
    "mass_2_source": 1.4329702780263358,
    "s1_z": 0.024858186804645577,
    "s2_z": 0.04964705738585527,
    "cos_iota": 0.9684408900308745,
    "d_L": 186.72153494732754,
    "t_c": -0.0006568439791734271,
    "phase_c": 0.4889445154627316,
    "psi": 2.9688326505254707,
    "ra": 0.1477996228324722,
    "sin_dec": -0.25849917985779314,
    "q": 0.6832534916586961,
    "M_c": 1.5671905888509259,
    "eta": 0.24114752655035507,
    "iota": 0.2518988587628705,
    "dec": -0.2614682536145844,
    "lambda_1": 33.05255150351293,
    "lambda_2": 447.7270484907084,
    "H1_SNR": 18.64135433091497,
    "L1_SNR": 19.603328935504063,
    "V1_SNR": 25.055137802326,
    "network_SNR": 36.872083300755314,
    "epoch": 126.0,
    "gmst": 2.7288901910520846,
    "duration": 128.0
}