{
    "mass_1_source": 1.8412161311000912,
    "mass_2_source": 1.0467359497434534,
    "s1_z": 0.02546738490351455,
    "s2_z": -0.03206833708084809,
    "cos_iota": -0.755802255716925,
    "d_L": 301.4686434828833,
    "t_c": -0.030402693046511373,
    "phase_c": 2.4869011800970453,
    "psi": 1.7776511669827306,
    "ra": 6.084613929035385,
    "sin_dec": 0.5984224518188288,
    "q": 0.5685024870589467,
    "M_c": 1.2807568486187266,
    "eta": 0.2310797801250191,
    "iota": 2.4276747736291484,
    "dec": 0.6415306283386465,
    "lambda_1": 22.194493269586005,
    "lambda_2": 1341.4406758196346,
    "H1_SNR": 13.00697776518307,
    "L1_SNR": 7.4418356376295485,
    "V1_SNR": 5.049380843413572,
    "network_SNR": 15.813242398170335,
    "epoch": 254.0,
    "gmst": 2.7288901910520846,
    "duration": 256.0
}