{
    "M_c": 1.9514753427601632,
    "q": 0.4654417538209198,
    "s1_z": 0.035873675499391286,
    "s2_z": -0.004265376327159245,
    "lambda_1": 7.039733026387287,
    "lambda_2": 131.03607728930066,
    "cos_iota": -0.8414446272314304,
    "d_L": 187.89418104303687,
    "t_c": -0.054122421869365715,
    "phase_c": 4.797388780026382,
    "psi": 0.848818832327029,
    "ra": 2.705875347479255,
    "sin_dec": -0.38328816411164235,
    "eta": 0.2167345844758317,
    "iota": 2.570747545631079,
    "dec": -0.39335372742911395,
    "H1_SNR": 23.43500808937418,
    "L1_SNR": 8.88912470952635,
    "V1_SNR": 17.501610951150607,
    "network_SNR": 30.56996120599403,
    "epoch": 126.0,
    "gmst": 2.7288901910520846,
    "duration": 128.0
}