{
    "mass_1_source": 2.3487317199615054,
    "mass_2_source": 2.102024811576559,
    "s1_z": -0.04527263227878278,
    "s2_z": 0.0021842593360908782,
    "cos_iota": -0.3896993586688571,
    "d_L": 306.1702636260954,
    "t_c": -0.0019766069049041712,
    "phase_c": 5.798760678337383,
    "psi": 3.016298885810141,
    "ra": 1.1212095946967258,
    "sin_dec": -0.8792619496614567,
    "q": 0.8949616483278091,
    "M_c": 2.067508284099397,
    "eta": 0.2492318695973137,
    "iota": 1.9711014471870527,
    "dec": -1.0743105538828297,
    "lambda_1": 10.193573322801235,
    "lambda_2": 32.409855217416386,
    "H1_SNR": 8.022456207963252,
    "L1_SNR": 6.738475630538582,
    "V1_SNR": 9.338491686605039,
    "network_SNR": 14.034752737859042,
    "epoch": 126.0,
    "gmst": 2.7288901910520846,
    "duration": 128.0
}