{
    "mass_1_source": 2.196139466471913,
    "mass_2_source": 1.4162481793124928,
    "s1_z": 0.020366065534794323,
    "s2_z": -0.03586904808316463,
    "cos_iota": 0.8402818707306232,
    "d_L": 278.86034124467193,
    "t_c": -0.00663027526471778,
    "phase_c": 3.3926826018510963,
    "psi": 1.7054931523325545,
    "ra": 4.143364607105818,
    "sin_dec": -0.6013607876781681,
    "q": 0.6448808014855669,
    "M_c": 1.6242697406499407,
    "eta": 0.2383474909481475,
    "iota": 0.5729934006807115,
    "dec": -0.6452031806057335,
    "lambda_1": 21.677454304733875,
    "lambda_2": 479.41853927085185,
    "H1_SNR": 21.966360257997476,
    "L1_SNR": 22.774162389097395,
    "V1_SNR": 7.679884839879651,
    "network_SNR": 32.560161035580315,
    "epoch": 126.0,
    "gmst": 2.7288901910520846,
    "duration": 128.0
}