{
    "M_c": 2.2280762725081455,
    "q": 0.45647824154848093,
    "s1_z": -0.026028193251175294,
    "s2_z": -0.019600393642932534,
    "lambda_1": 3.1428652233793293,
    "lambda_2": 189.1837422977886,
    "cos_iota": -0.9389265057890794,
    "d_L": 281.4729108931318,
    "t_c": 0.0654890036736703,
    "phase_c": 1.6624290420509937,
    "psi": 2.9947404725796156,
    "ra": 5.829909220082687,
    "sin_dec": -0.2867504229994191,
    "eta": 0.2151850419857051,
    "iota": 2.7902936815378805,
    "dec": -0.2908330835570921,
    "H1_SNR": 16.051054796024804,
    "L1_SNR": 16.47739265263816,
    "V1_SNR": 22.550237329917383,
    "network_SNR": 32.21263777354789,
    "epoch": 62.0,
    "gmst": 2.7288901910520846,
    "duration": 64.0
}