{
    "mass_1_source": 1.6943863639732846,
    "mass_2_source": 1.5756039094259553,
    "s1_z": -0.03532102055742803,
    "s2_z": -0.0452847809218323,
    "cos_iota": 0.3599302079102271,
    "d_L": 738.7732752766525,
    "t_c": 0.05782436621994122,
    "phase_c": 5.060613470013496,
    "psi": 0.49940606378109786,
    "ra": 1.5821891210433163,
    "sin_dec": 0.7952700713696714,
    "q": 0.929896476345107,
    "M_c": 1.659630445928147,
    "eta": 0.24967012327234434,
    "iota": 1.2026032400577127,
    "dec": 0.9194529240716621,
    "lambda_1": 69.97576541881158,
    "lambda_2": 117.80064446078433,
    "ET1_SNR": 14.363152637130515,
    "ET2_SNR": 15.78271508722951,
    "ET3_SNR": 19.199126588332035,
    "network_SNR": 28.705412572491785,
    "epoch": 126.0,
    "gmst": 2.7288901910520846,
    "duration": 128.0
}