{
    "mass_1_source": 1.5631570363567464,
    "mass_2_source": 1.5598424373931818,
    "s1_z": 0.041668867385407427,
    "s2_z": 0.009585924766985367,
    "cos_iota": -0.7521866674049433,
    "d_L": 827.8012869493762,
    "t_c": 0.08911113627487005,
    "phase_c": 5.247490752949253,
    "psi": 0.2411295479867899,
    "ra": 1.8459565474634112,
    "sin_dec": -0.4728820826443747,
    "q": 0.9978795483201803,
    "M_c": 1.6136283380341738,
    "eta": 0.2499997183834544,
    "iota": 2.422170561819559,
    "dec": -0.49255882759987935,
    "lambda_1": 124.40576936354456,
    "lambda_2": 126.22755146335062,
    "ET1_SNR": 14.737388103485138,
    "ET2_SNR": 15.409987248790774,
    "ET3_SNR": 0.8763375059607079,
    "network_SNR": 21.340718885384177,
    "epoch": 126.0,
    "gmst": 2.7288901910520846,
    "duration": 128.0
}