{
    "M_c": 1.575989384871758,
    "q": 0.4196217645282635,
    "s1_z": -0.01560845939730051,
    "s2_z": -0.026401288911506615,
    "lambda_1": 7.039733026387287,
    "lambda_2": 681.1505819006564,
    "cos_iota": -0.9326133157225085,
    "d_L": 339.24441359998286,
    "t_c": -0.012248535915170361,
    "phase_c": 2.7875122361655404,
    "psi": 1.7166306467437698,
    "ra": 6.221179011691218,
    "sin_dec": -0.7147236991103729,
    "eta": 0.20821533292333477,
    "iota": 2.7723842743248603,
    "dec": -0.796228976464191,
    "H1_SNR": 6.662678885274847,
    "L1_SNR": 5.548712658311614,
    "V1_SNR": 15.817454781339938,
    "network_SNR": 18.038053604880115,
    "epoch": 126.0,
    "gmst": 2.7288901910520846,
    "duration": 128.0
}