{
    "mass_1_source": 1.397409738358177,
    "mass_2_source": 1.312659837464897,
    "s1_z": -0.01770034599666568,
    "s2_z": 0.009133012016474006,
    "cos_iota": -0.6924889617397274,
    "d_L": 226.82839967958392,
    "t_c": 0.027156962155945902,
    "phase_c": 3.2341733660530414,
    "psi": 0.884754976892715,
    "ra": 5.417325061993775,
    "sin_dec": -0.3091761717483523,
    "q": 0.939352146641791,
    "M_c": 1.239358261139518,
    "eta": 0.24975551201270177,
    "iota": 2.3357297389613008,
    "dec": -0.3143266389059841,
    "lambda_1": 260.23295717861987,
    "lambda_2": 384.9069801323296,
    "H1_SNR": 8.020633913988036,
    "L1_SNR": 11.562054859833976,
    "V1_SNR": 11.275024019133294,
    "network_SNR": 18.031579176435386,
    "epoch": 254.0,
    "gmst": 2.7288901910520846,
    "duration": 256.0
}