{
    "mass_1_source": 2.235927024114005,
    "mass_2_source": 1.6730712272024963,
    "s1_z": -0.04545338666528514,
    "s2_z": -0.028333567953163774,
    "cos_iota": -0.8360348119494243,
    "d_L": 213.19134179287914,
    "t_c": 0.02159925921326797,
    "phase_c": 2.660801723026221,
    "psi": 0.4199580744980192,
    "ra": 3.952391244036354,
    "sin_dec": 0.2794319925805633,
    "q": 0.748267367028876,
    "M_c": 1.7611756141758634,
    "eta": 0.24481673583812452,
    "iota": 2.560812425975656,
    "dec": 0.2832024858228918,
    "lambda_1": 18.099921136465987,
    "lambda_2": 173.27667502910992,
    "H1_SNR": 16.52571169982353,
    "L1_SNR": 20.600671271258044,
    "V1_SNR": 16.00077120498783,
    "network_SNR": 30.87898125208292,
    "epoch": 126.0,
    "gmst": 2.7288901910520846,
    "duration": 128.0
}