{
    "mass_1_source": 1.6042692816837452,
    "mass_2_source": 1.4347384938269823,
    "s1_z": -0.00967066559286138,
    "s2_z": 0.0007649621737798387,
    "cos_iota": -0.8495614069208619,
    "d_L": 357.3792657939689,
    "t_c": -0.0018972240659663464,
    "phase_c": 4.583813009771019,
    "psi": 2.9924938992295136,
    "ra": 6.015723255648576,
    "sin_dec": -0.3054188078050242,
    "q": 0.8943252296903463,
    "M_c": 1.426953227299905,
    "eta": 0.24922201083833107,
    "iota": 2.585949590773308,
    "dec": -0.3103782216663629,
    "lambda_1": 226.3290185273355,
    "lambda_2": 444.5102370012804,
    "H1_SNR": 8.309330052078609,
    "L1_SNR": 8.153101691172695,
    "V1_SNR": 11.696131715748848,
    "network_SNR": 16.502046243212565,
    "epoch": 126.0,
    "gmst": 2.7288901910520846,
    "duration": 128.0
}