{
    "M_c": 2.268412268790369,
    "q": 0.4207467298859413,
    "s1_z": 0.03599474376081087,
    "s2_z": 0.04315102618840694,
    "lambda_1": 3.1428652233793293,
    "lambda_2": 196.36073594045078,
    "cos_iota": 0.7165838849216333,
    "d_L": 216.98489886522785,
    "t_c": 0.035607499413647714,
    "phase_c": 5.585389197196415,
    "psi": 2.3700753718375136,
    "ra": 3.1365064729096344,
    "sin_dec": 0.5460641911166721,
    "eta": 0.20844304988946485,
    "iota": 0.7719040612265431,
    "dec": 0.5776588964618472,
    "H1_SNR": 11.681747010672186,
    "L1_SNR": 12.109187450914408,
    "V1_SNR": 25.742713529728814,
    "network_SNR": 30.753584080825675,
    "epoch": 62.0,
    "gmst": 2.7288901910520846,
    "duration": 64.0
}