{
    "M_c": 1.6902058694663724,
    "q": 0.6813090518114654,
    "s1_z": 0.012718067309159614,
    "s2_z": 0.04138393272910815,
    "lambda_1": 5.2203813963268075,
    "lambda_2": 221.29203616676017,
    "cos_iota": 0.8058760234913858,
    "d_L": 146.58391410739313,
    "t_c": -0.028608248045473114,
    "phase_c": 4.818069802881074,
    "psi": 0.9027271344014527,
    "ra": 5.423086729393129,
    "sin_dec": 0.016563382615242705,
    "eta": 0.24101776603676694,
    "iota": 0.6336427861333507,
    "dec": 0.016564140057400988,
    "H1_SNR": 8.608529499669004,
    "L1_SNR": 17.453701066091472,
    "V1_SNR": 20.713344499024526,
    "network_SNR": 28.421490133109202,
    "epoch": 126.0,
    "gmst": 2.7288901910520846,
    "duration": 128.0
}