{
    "mass_1_source": 1.5717545078007382,
    "mass_2_source": 1.3509839949028764,
    "s1_z": 0.005543947774365579,
    "s2_z": -0.023144546961364167,
    "cos_iota": -0.42571988956451623,
    "d_L": 248.9547065457212,
    "t_c": -0.07615581011935216,
    "phase_c": 5.398843575633424,
    "psi": 0.7861500130918969,
    "ra": 4.673809100748274,
    "sin_dec": -0.8801443305288665,
    "q": 0.859538807236015,
    "M_c": 1.3391550664730405,
    "eta": 0.2485735970763886,
    "iota": 2.01055364919588,
    "dec": -1.0761661566255238,
    "lambda_1": 80.1111889422041,
    "lambda_2": 237.23518625370642,
    "H1_SNR": 9.702608986584705,
    "L1_SNR": 9.18832694034679,
    "V1_SNR": 8.287869695354921,
    "network_SNR": 15.724336462834906,
    "epoch": 254.0,
    "gmst": 2.7288901910520846,
    "duration": 256.0
}