{
    "mass_1_source": 1.9187738538316435,
    "mass_2_source": 1.6588865538773354,
    "s1_z": 0.012769213617147931,
    "s2_z": 0.030964267530568537,
    "cos_iota": 0.5665563555936655,
    "d_L": 160.97461563360497,
    "t_c": 0.01886106283782421,
    "phase_c": 5.066464387564048,
    "psi": 3.086579497476372,
    "ra": 4.4168682805364705,
    "sin_dec": 0.01206767073760906,
    "q": 0.8645555340274556,
    "M_c": 1.6087947909638756,
    "eta": 0.24868079620130618,
    "iota": 0.9684755684972434,
    "dec": 0.012067963656626027,
    "lambda_1": 14.067360021704232,
    "lambda_2": 53.370909387237845,
    "H1_SNR": 18.246275850821334,
    "L1_SNR": 25.215944544384534,
    "V1_SNR": 8.68197138721503,
    "network_SNR": 32.31326459610917,
    "epoch": 126.0,
    "gmst": 2.7288901910520846,
    "duration": 128.0
}