{
    "mass_1_source": 1.5105937040228048,
    "mass_2_source": 1.4148445555683986,
    "s1_z": -0.038045780292095266,
    "s2_z": 0.004887910908618974,
    "cos_iota": 0.7395969449042763,
    "d_L": 263.246575524876,
    "t_c": -0.058780360895398114,
    "phase_c": 3.027817093082784,
    "psi": 1.6595408571186092,
    "ra": 2.9210300406093763,
    "sin_dec": -0.534551651358536,
    "q": 0.9366148897619391,
    "M_c": 1.348246579859682,
    "eta": 0.24973218926871377,
    "iota": 0.7383250142879105,
    "dec": -0.5639771532285588,
    "lambda_1": 107.72430891094942,
    "lambda_2": 171.52456195388734,
    "H1_SNR": 14.348923402914913,
    "L1_SNR": 7.8150812648420835,
    "V1_SNR": 6.574510237357508,
    "network_SNR": 17.612248092163693,
    "epoch": 254.0,
    "gmst": 2.7288901910520846,
    "duration": 256.0
}