{
    "mass_1_source": 2.154543470969863,
    "mass_2_source": 1.6089403170616343,
    "s1_z": 0.03461161447065608,
    "s2_z": -0.029108166199969567,
    "cos_iota": 0.6874683217855933,
    "d_L": 268.6691477096285,
    "t_c": 0.09964859635473622,
    "phase_c": 4.498269915384541,
    "psi": 0.004430732522405568,
    "ra": 1.340418472466363,
    "sin_dec": -0.021737261007466646,
    "q": 0.7467662355113093,
    "M_c": 1.715594887994281,
    "eta": 0.2447457146616537,
    "iota": 0.8127991832934632,
    "dec": -0.021738973211712767,
    "lambda_1": 43.49890533332104,
    "lambda_2": 287.055867699416,
    "H1_SNR": 12.909087915089977,
    "L1_SNR": 18.092634669671416,
    "V1_SNR": 6.073731023202319,
    "network_SNR": 23.040794010448693,
    "epoch": 126.0,
    "gmst": 2.7288901910520846,
    "duration": 128.0
}