{
    "mass_1_source": 2.282358816582099,
    "mass_2_source": 1.3218622774386108,
    "s1_z": 0.00867874453130981,
    "s2_z": -0.032735036307482784,
    "cos_iota": 0.5220357718860322,
    "d_L": 189.28892816786603,
    "t_c": -0.03355549847013216,
    "phase_c": 3.2981161964526153,
    "psi": 2.037244792931716,
    "ra": 4.159018938756716,
    "sin_dec": -0.9513441923416996,
    "q": 0.579164970834051,
    "M_c": 1.5651960775612364,
    "eta": 0.23224548679763232,
    "iota": 1.0215602984546344,
    "dec": -1.2575693382821047,
    "lambda_1": 14.493501700641618,
    "lambda_2": 710.8706746239634,
    "H1_SNR": 21.51293233355622,
    "L1_SNR": 18.994383164132095,
    "V1_SNR": 9.671369628471837,
    "network_SNR": 30.28412521213979,
    "epoch": 126.0,
    "gmst": 2.7288901910520846,
    "duration": 128.0
}