{
    "mass_1_source": 1.9824408890997294,
    "mass_2_source": 1.3930285572899472,
    "s1_z": 0.043543669742642344,
    "s2_z": 0.04237454027549374,
    "cos_iota": -0.8620359803624376,
    "d_L": 214.11938275113587,
    "t_c": 0.06759061142212683,
    "phase_c": 3.842985406357044,
    "psi": 2.6367919412764396,
    "ra": 0.564704361838649,
    "sin_dec": -0.7200467691390813,
    "q": 0.7026835276397838,
    "M_c": 1.5119893251033227,
    "eta": 0.24237727798588793,
    "iota": 2.6100693329436955,
    "dec": -0.8038697144983608,
    "lambda_1": 52.45404177399901,
    "lambda_2": 527.5286322765309,
    "H1_SNR": 3.185352083555431,
    "L1_SNR": 4.514771060666357,
    "V1_SNR": 19.39224467925182,
    "network_SNR": 20.164046700164427,
    "epoch": 126.0,
    "gmst": 2.7288901910520846,
    "duration": 128.0
}