{
    "M_c": 2.1661905529992396,
    "q": 0.5806319169778462,
    "s1_z": -0.04529402919797696,
    "s2_z": 0.01954540227531458,
    "lambda_1": 3.1428652233793293,
    "lambda_2": 98.01367194043219,
    "cos_iota": -0.7072696225380173,
    "d_L": 215.57971533383153,
    "t_c": -0.015809178743217786,
    "phase_c": 5.638401792919769,
    "psi": 0.6521162350299253,
    "ra": 2.1167091332981545,
    "sin_dec": 0.5761691744994137,
    "eta": 0.2324017589109275,
    "iota": 2.3564248091655595,
    "dec": 0.6140339075491971,
    "H1_SNR": 19.299282497423018,
    "L1_SNR": 23.671603694444812,
    "V1_SNR": 20.321221144099933,
    "network_SNR": 36.68459015948803,
    "epoch": 62.0,
    "gmst": 2.7288901910520846,
    "duration": 64.0
}