{
    "mass_1_source": 2.273374209521757,
    "mass_2_source": 1.7070700120801756,
    "s1_z": -0.016715589302251192,
    "s2_z": -0.03128515047869221,
    "cos_iota": 0.3707336087712658,
    "d_L": 409.8080053155394,
    "t_c": -0.010007326806163341,
    "phase_c": 5.971271357432984,
    "psi": 1.8362773952238673,
    "ra": 5.026409536003942,
    "sin_dec": -0.6870205890055532,
    "q": 0.7508970608227701,
    "M_c": 1.869940256620886,
    "eta": 0.24493969743430993,
    "iota": 1.1909975330513376,
    "dec": -0.7573807934970859,
    "lambda_1": 26.526692681678867,
    "lambda_2": 204.07619595322114,
    "H1_SNR": 5.960139347204075,
    "L1_SNR": 8.057296226981347,
    "V1_SNR": 7.07694505869033,
    "network_SNR": 12.268921504807974,
    "epoch": 126.0,
    "gmst": 2.7288901910520846,
    "duration": 128.0
}