{
    "mass_1_source": 1.7548365946736608,
    "mass_2_source": 1.5305664674998156,
    "s1_z": 0.012655751023784648,
    "s2_z": -0.015257690214596775,
    "cos_iota": 0.8331236088406864,
    "d_L": 993.7140754272248,
    "t_c": 0.027788294084644116,
    "phase_c": 0.7246861099817868,
    "psi": 1.4036178114679305,
    "ra": 1.492372958074841,
    "sin_dec": 0.7008240283067941,
    "q": 0.8721988543807683,
    "M_c": 1.746252909203649,
    "eta": 0.2488350546501367,
    "iota": 0.5860648409053647,
    "dec": 0.7765520205580247,
    "lambda_1": 53.44847910975919,
    "lambda_2": 143.55943591634588,
    "ET1_SNR": 22.339435958790094,
    "ET2_SNR": 19.7314720162971,
    "ET3_SNR": 20.038620727308835,
    "network_SNR": 35.91556358376868,
    "epoch": 126.0,
    "gmst": 2.7288901910520846,
    "duration": 128.0
}