{
    "mass_1_source": 1.8119189027659304,
    "mass_2_source": 1.5055085955183136,
    "s1_z": -0.047123921787630675,
    "s2_z": -0.03805414368644664,
    "cos_iota": -0.13393580241617498,
    "d_L": 871.5149500345588,
    "t_c": 0.0775354640006711,
    "phase_c": 5.9715093109257165,
    "psi": 2.303920774986512,
    "ra": 3.5585821792254038,
    "sin_dec": 0.3810573840461813,
    "q": 0.8308918203900433,
    "M_c": 1.7194897707984738,
    "eta": 0.247867230758133,
    "iota": 1.7051358379440498,
    "dec": 0.3909396998565992,
    "lambda_1": 41.124257020798915,
    "lambda_2": 160.34317702971526,
    "ET1_SNR": 17.016654810524244,
    "ET2_SNR": 4.967673802857042,
    "ET3_SNR": 16.049911071473236,
    "network_SNR": 23.91325927920176,
    "epoch": 126.0,
    "gmst": 2.7288901910520846,
    "duration": 128.0
}