{
    "M_c": 1.4724460987282195,
    "q": 0.38392241832701046,
    "s1_z": 0.019826194338421102,
    "s2_z": -0.02034388012919719,
    "lambda_1": 5.2203813963268075,
    "lambda_2": 2212.1041378416653,
    "cos_iota": 0.5661659387001716,
    "d_L": 277.5326614385663,
    "t_c": -0.027569837962464705,
    "phase_c": 0.973143021716582,
    "psi": 2.855491457435401,
    "ra": 5.007286305591603,
    "sin_dec": -0.9938661529462309,
    "eta": 0.2004564262245572,
    "iota": 0.9689492850571588,
    "dec": -1.4599800102085139,
    "H1_SNR": 11.916994922310055,
    "L1_SNR": 10.204515723138345,
    "V1_SNR": 8.440663489350113,
    "network_SNR": 17.81549071068741,
    "epoch": 126.0,
    "gmst": 2.7288901910520846,
    "duration": 128.0
}