{
    "mass_1_source": 1.781852964321612,
    "mass_2_source": 1.386589488825633,
    "s1_z": 0.046714355994423626,
    "s2_z": -0.00782224619502201,
    "cos_iota": 0.26222175380423485,
    "d_L": 427.9639349998149,
    "t_c": -0.025194581364473653,
    "phase_c": 1.9520733773819903,
    "psi": 0.35608029800516,
    "ra": 1.165296790097269,
    "sin_dec": -0.38122891162752337,
    "q": 0.7781727878728399,
    "M_c": 1.4983421492878795,
    "eta": 0.24610935387334124,
    "iota": 1.3054725242679603,
    "dec": -0.39112523215136835,
    "lambda_1": 47.27232050305743,
    "lambda_2": 273.38620947178407,
    "ET1_SNR": 15.273458022604146,
    "ET2_SNR": 11.874977772643431,
    "ET3_SNR": 19.591759685789302,
    "network_SNR": 27.534172670605983,
    "epoch": 126.0,
    "gmst": 2.7288901910520846,
    "duration": 128.0
}