{
    "mass_1_source": 2.181550193516448,
    "mass_2_source": 1.9866338890969129,
    "s1_z": -0.03534246571364148,
    "s2_z": -0.023493461676123942,
    "cos_iota": -0.07450927446136602,
    "d_L": 220.9918243292261,
    "t_c": 0.09083374665472693,
    "phase_c": 4.869035187529442,
    "psi": 2.7114882798836044,
    "ra": 2.9805711335559475,
    "sin_dec": -0.063375960217535,
    "q": 0.9106523860881932,
    "M_c": 1.902403593263544,
    "eta": 0.24945330819426936,
    "iota": 1.6453747154043685,
    "dec": -0.06341846213601289,
    "lambda_1": 39.14851574852324,
    "lambda_2": 79.38608626016232,
    "H1_SNR": 11.953702207919019,
    "L1_SNR": 5.51299892668497,
    "V1_SNR": 1.6129201327443072,
    "network_SNR": 13.26218929874889,
    "epoch": 126.0,
    "gmst": 2.7288901910520846,
    "duration": 128.0
}