{
    "mass_1_source": 1.5211919523954474,
    "mass_2_source": 1.0858690938772646,
    "s1_z": -0.004373768821056466,
    "s2_z": -0.0061275130369101705,
    "cos_iota": -0.8049979195665959,
    "d_L": 755.9914185560916,
    "t_c": 0.01735114226539483,
    "phase_c": 4.357049362242216,
    "psi": 2.5156606707632214,
    "ra": 6.043688329951075,
    "sin_dec": -0.5074141247882826,
    "q": 0.7138277928484487,
    "M_c": 1.3062826905707103,
    "eta": 0.24302955424203904,
    "iota": 2.506468288320776,
    "dec": -0.532181238138682,
    "lambda_1": 149.6141949447238,
    "lambda_2": 1187.8041494979611,
    "ET1_SNR": 33.6407026486057,
    "ET2_SNR": 33.117775809383495,
    "ET3_SNR": 33.04367762346814,
    "network_SNR": 57.62263947561048,
    "epoch": 254.0,
    "gmst": 2.7288901910520846,
    "duration": 256.0
}