{
    "mass_1_source": 2.0082795903323776,
    "mass_2_source": 1.9399039868797672,
    "s1_z": 0.031769152551335764,
    "s2_z": -0.024348775699640758,
    "cos_iota": -0.6905979924958552,
    "d_L": 699.7352304596417,
    "t_c": -0.08495091027341646,
    "phase_c": 0.6343372161796905,
    "psi": 0.7032745828499065,
    "ra": 1.0742594493598905,
    "sin_dec": 0.13385739405880503,
    "q": 0.9659531452782957,
    "M_c": 1.989907270900192,
    "eta": 0.24992501961297559,
    "iota": 2.333111879255297,
    "dec": 0.13426039033320342,
    "lambda_1": 13.035903723032826,
    "lambda_2": 21.231249319783014,
    "ET1_SNR": 19.298519987940445,
    "ET2_SNR": 5.007403559850433,
    "ET3_SNR": 21.80681648050372,
    "network_SNR": 29.547321522441052,
    "epoch": 126.0,
    "gmst": 2.7288901910520846,
    "duration": 128.0
}