{
    "M_c": 1.6572241451613465,
    "q": 0.19067924550682602,
    "s1_z": 0.024539470197845192,
    "s2_z": -0.029787675702728045,
    "lambda_1": 7.039733026387287,
    "lambda_2": 3754.2054155743203,
    "cos_iota": 0.40626913226559846,
    "d_L": 339.2863944916016,
    "t_c": 0.08291715906085009,
    "phase_c": 5.950816957647759,
    "psi": 1.7035140228289942,
    "ra": 5.316142100154897,
    "sin_dec": -0.6353513165640998,
    "eta": 0.13449739029223934,
    "iota": 1.1524290023442871,
    "dec": -0.6884633766632589,
    "H1_SNR": 5.538417096324549,
    "L1_SNR": 7.653353982006257,
    "V1_SNR": 8.752686370064017,
    "network_SNR": 12.8785639649557,
    "epoch": 126.0,
    "gmst": 2.7288901910520846,
    "duration": 128.0
}