{
    "mass_1_source": 2.0122137189742855,
    "mass_2_source": 1.6908440655566848,
    "s1_z": 0.048067280055303585,
    "s2_z": 0.0024405244264918274,
    "cos_iota": 0.09149846537796424,
    "d_L": 481.9780985853591,
    "t_c": 0.06372613353358894,
    "phase_c": 1.7493018232794073,
    "psi": 2.314900470797779,
    "ra": 2.2977360346041737,
    "sin_dec": -0.5433642690814833,
    "q": 0.8402904967860884,
    "M_c": 1.7793002185334859,
    "eta": 0.2481170934796798,
    "iota": 1.47916970763416,
    "dec": -0.5744394179084079,
    "lambda_1": 12.569070603075424,
    "lambda_2": 71.07833838772494,
    "ET1_SNR": 17.99220743690129,
    "ET2_SNR": 8.766440167584387,
    "ET3_SNR": 9.373050782751685,
    "network_SNR": 22.10031860947631,
    "epoch": 126.0,
    "gmst": 2.7288901910520846,
    "duration": 128.0
}