{
    "mass_1_source": 1.9632242314986277,
    "mass_2_source": 1.1900228187347013,
    "s1_z": -0.02945619189223463,
    "s2_z": -0.03315687286767521,
    "cos_iota": -0.34805233892106857,
    "d_L": 179.16337320991852,
    "t_c": 0.007113330765208398,
    "phase_c": 3.3279936374765278,
    "psi": 1.707030728031208,
    "ra": 3.1386767299521963,
    "sin_dec": -0.6560374277496259,
    "q": 0.6061573607546078,
    "M_c": 1.375936990374397,
    "eta": 0.23496825879244787,
    "iota": 1.9262890667621289,
    "dec": -0.7155563717488883,
    "lambda_1": 18.347373817208275,
    "lambda_2": 695.9625592379147,
    "H1_SNR": 12.34561158517653,
    "L1_SNR": 8.078672065944755,
    "V1_SNR": 4.276587577002076,
    "network_SNR": 15.361258707049027,
    "epoch": 254.0,
    "gmst": 2.7288901910520846,
    "duration": 256.0
}