{
    "mass_1_source": 2.1407941150311274,
    "mass_2_source": 1.7133009008832043,
    "s1_z": -0.026592593685118196,
    "s2_z": -0.02600230511520405,
    "cos_iota": 0.7576925736039852,
    "d_L": 114.51625507755344,
    "t_c": 0.053576314655086804,
    "phase_c": 3.068783211182551,
    "psi": 1.1662618849475297,
    "ra": 2.5223329416384654,
    "sin_dec": 0.04073938349019457,
    "q": 0.8003109168012136,
    "M_c": 1.7082655176532184,
    "eta": 0.2469242316417137,
    "iota": 0.7110261867882152,
    "dec": 0.04075066108964394,
    "lambda_1": 27.553485026129923,
    "lambda_2": 148.3631881320735,
    "H1_SNR": 21.436542858633263,
    "L1_SNR": 20.91104954297886,
    "V1_SNR": 30.435669834241782,
    "network_SNR": 42.69809551933098,
    "epoch": 126.0,
    "gmst": 2.7288901910520846,
    "duration": 128.0
}