{
    "mass_1_source": 2.4058597845288885,
    "mass_2_source": 1.3534927328015003,
    "s1_z": -0.008360028469440131,
    "s2_z": -0.037273895317942056,
    "cos_iota": -0.8558556716935115,
    "d_L": 292.8635353901228,
    "t_c": -0.03308185466828287,
    "phase_c": 6.151139931715113,
    "psi": 0.8385854718971478,
    "ra": 3.5492987754135474,
    "sin_dec": 0.3401495396570904,
    "q": 0.5625817188122371,
    "M_c": 1.6612743930805325,
    "eta": 0.23040937055673946,
    "iota": 2.597999292668227,
    "dec": 0.3470759148726746,
    "lambda_1": 7.073707474892004,
    "lambda_2": 621.9709221911005,
    "H1_SNR": 8.857351619883419,
    "L1_SNR": 10.962133372103844,
    "V1_SNR": 14.426731096183206,
    "network_SNR": 20.168084091148163,
    "epoch": 126.0,
    "gmst": 2.7288901910520846,
    "duration": 128.0
}