{
    "mass_1_source": 1.2354241836493682,
    "mass_2_source": 1.1159977552578035,
    "s1_z": -0.03567813565822495,
    "s2_z": -0.03340515828009527,
    "cos_iota": -0.7130787162929102,
    "d_L": 304.8584970215213,
    "t_c": -0.06157054443358345,
    "phase_c": 0.2523572088138506,
    "psi": 2.535504993649665,
    "ra": 4.055235649415361,
    "sin_dec": -0.2793586688794263,
    "q": 0.9033316410896327,
    "M_c": 1.092326325891551,
    "eta": 0.24935511872677837,
    "iota": 2.3646761525890323,
    "dec": -0.28312612098009066,
    "lambda_1": 1033.816479022409,
    "lambda_2": 1782.2820623543719,
    "H1_SNR": 11.153207261216084,
    "L1_SNR": 12.307286401403022,
    "V1_SNR": 5.112139092966181,
    "network_SNR": 17.378069423374853,
    "epoch": 254.0,
    "gmst": 2.7288901910520846,
    "duration": 256.0
}