{
    "M_c": 1.4046166115003615,
    "q": 0.21567369187685076,
    "s1_z": -0.0011299967280737205,
    "s2_z": 0.035124231393014724,
    "lambda_1": 3.1428652233793293,
    "lambda_2": 10678.570409652197,
    "cos_iota": 0.5168198846980356,
    "d_L": 61.03579475304298,
    "t_c": -0.08083613798598366,
    "phase_c": 1.7724225038675494,
    "psi": 1.835352429444922,
    "ra": 3.26902331752664,
    "sin_dec": -0.3169056259891474,
    "eta": 0.1459362343998273,
    "iota": 1.0276642385642893,
    "dec": -0.3224651667183077,
    "H1_SNR": 46.38238660797715,
    "L1_SNR": 38.92826828576722,
    "V1_SNR": 22.89903604434928,
    "network_SNR": 64.73871879285947,
    "epoch": 126.0,
    "gmst": 2.7288901910520846,
    "duration": 128.0
}