{
    "mass_1_source": 2.4117943932586483,
    "mass_2_source": 2.229276212860982,
    "s1_z": 0.010868084183590067,
    "s2_z": 0.014184245840172527,
    "cos_iota": -0.3335185593374992,
    "d_L": 221.720416639762,
    "t_c": 0.029564333808732884,
    "phase_c": 6.078701503244684,
    "psi": 0.5592636662321029,
    "ra": 4.057826329114516,
    "sin_dec": -0.28848626822249956,
    "q": 0.92432266162164,
    "M_c": 2.1193816072849727,
    "eta": 0.24961335186605335,
    "iota": 1.9108297049192486,
    "dec": -0.2926455131010581,
    "lambda_1": 6.768103524230324,
    "lambda_2": 18.66451913009216,
    "H1_SNR": 19.98688723519311,
    "L1_SNR": 21.68496507463422,
    "V1_SNR": 8.148545582648802,
    "network_SNR": 30.595950169147166,
    "epoch": 62.0,
    "gmst": 2.7288901910520846,
    "duration": 64.0
}