{
    "M_c": 1.7868062599212307,
    "q": 0.9960221592890037,
    "s1_z": 0.0010386879200703775,
    "s2_z": 0.009315042588574497,
    "lambda_1": 7.039733026387287,
    "lambda_2": 7.039733026387287,
    "cos_iota": 0.565024688837596,
    "d_L": 310.4791394266319,
    "t_c": -0.022754561322684497,
    "phase_c": 5.800249778006444,
    "psi": 0.5858524443192392,
    "ra": 1.7206173561614535,
    "sin_dec": -0.6562269086841686,
    "eta": 0.24999900710329764,
    "iota": 0.9703331503411214,
    "dec": -0.7158074576055871,
    "H1_SNR": 8.649633507617594,
    "L1_SNR": 7.9000137863237185,
    "V1_SNR": 4.6548027269227665,
    "network_SNR": 12.605299126429863,
    "epoch": 126.0,
    "gmst": 2.7288901910520846,
    "duration": 128.0
}