{
    "mass_1_source": 1.724530527782477,
    "mass_2_source": 1.4996298124752785,
    "s1_z": -0.03422226289479646,
    "s2_z": 0.040393751891243265,
    "cos_iota": 0.252688211699859,
    "d_L": 174.01441288085337,
    "t_c": 0.030893423803911302,
    "phase_c": 0.31943635733549247,
    "psi": 2.996315835836055,
    "ra": 6.255936508262715,
    "sin_dec": -0.4593755110237825,
    "q": 0.8695872808952871,
    "M_c": 1.4543160128071124,
    "eta": 0.24878356636773655,
    "iota": 1.3153386991304858,
    "dec": -0.4772920089735955,
    "lambda_1": 39.32616599810485,
    "lambda_2": 113.560051594541,
    "H1_SNR": 4.2034855074437285,
    "L1_SNR": 6.272015248753928,
    "V1_SNR": 13.56607688421363,
    "network_SNR": 15.525653213964514,
    "epoch": 126.0,
    "gmst": 2.7288901910520846,
    "duration": 128.0
}