{
    "mass_1_source": 1.300929654713608,
    "mass_2_source": 1.178672520304986,
    "s1_z": 0.023133927932779755,
    "s2_z": 0.027078449829135362,
    "cos_iota": 0.6434209652068978,
    "d_L": 159.63169558050993,
    "t_c": -0.0050162441579035405,
    "phase_c": 4.9815682250427304,
    "psi": 2.795285656761111,
    "ra": 2.130384698083903,
    "sin_dec": 0.3077536966410972,
    "q": 0.906023255011789,
    "M_c": 1.1166081468612497,
    "eta": 0.249392250772262,
    "iota": 0.8718375519962328,
    "dec": 0.3128312416452883,
    "lambda_1": 308.17424966611156,
    "lambda_2": 604.1051808642401,
    "H1_SNR": 8.821715000097072,
    "L1_SNR": 15.358027650873451,
    "V1_SNR": 13.452745960898074,
    "network_SNR": 22.24113402586277,
    "epoch": 254.0,
    "gmst": 2.7288901910520846,
    "duration": 256.0
}