{
    "mass_1_source": 1.9378998114981316,
    "mass_2_source": 1.5045398415922508,
    "s1_z": 0.032663433350777066,
    "s2_z": -0.04952262173323496,
    "cos_iota": 0.4016965601338378,
    "d_L": 186.5383422173057,
    "t_c": -0.06264717378660553,
    "phase_c": 3.3267367407820467,
    "psi": 2.4355208773960886,
    "ra": 0.7326686593421526,
    "sin_dec": -0.27924963020057936,
    "q": 0.7763764837920784,
    "M_c": 1.546670393735638,
    "eta": 0.246038087113785,
    "iota": 1.1574276324600856,
    "dec": -0.28301256299814165,
    "lambda_1": 21.48660030312804,
    "lambda_2": 161.03236685947928,
    "H1_SNR": 10.903294316626747,
    "L1_SNR": 12.489369019227924,
    "V1_SNR": 11.73201017804476,
    "network_SNR": 20.310249340448316,
    "epoch": 126.0,
    "gmst": 2.7288901910520846,
    "duration": 128.0
}