{
    "mass_1_source": 1.8684613764235447,
    "mass_2_source": 1.3368101003891981,
    "s1_z": 0.04235967840822355,
    "s2_z": 0.022949980159273298,
    "cos_iota": 0.4578911057398072,
    "d_L": 321.1513570971858,
    "t_c": 0.06530514622670833,
    "phase_c": 4.114274998881559,
    "psi": 1.3691250912292152,
    "ra": 5.413464550341734,
    "sin_dec": -0.8573159496908183,
    "q": 0.7154603874916645,
    "M_c": 1.4715785203042275,
    "eta": 0.24312196958213148,
    "iota": 1.0951747688694198,
    "dec": -1.0300329455062545,
    "lambda_1": 118.46921082493155,
    "lambda_2": 784.7897545787532,
    "H1_SNR": 7.118646915646899,
    "L1_SNR": 7.641834848164892,
    "V1_SNR": 8.315550804024953,
    "network_SNR": 13.34994977258703,
    "epoch": 126.0,
    "gmst": 2.7288901910520846,
    "duration": 128.0
}