{
    "mass_1_source": 2.3241920506029254,
    "mass_2_source": 2.1606748699528637,
    "s1_z": -0.029544474293157808,
    "s2_z": 0.010822333421603172,
    "cos_iota": 0.7349284117469206,
    "d_L": 295.7012112828725,
    "t_c": -0.0679028899968543,
    "phase_c": 0.2852357998171564,
    "psi": 1.9757240610876043,
    "ra": 4.665862060453753,
    "sin_dec": 0.40220006436697986,
    "q": 0.9296455813074297,
    "M_c": 2.0809243274153557,
    "eta": 0.24966767143821808,
    "iota": 0.74523521671309,
    "dec": 0.41391857414435773,
    "lambda_1": 20.910532239322162,
    "lambda_2": 42.51053914326914,
    "H1_SNR": 11.570826140984737,
    "L1_SNR": 15.275322571442963,
    "V1_SNR": 2.919717079558733,
    "network_SNR": 19.38412353115811,
    "epoch": 126.0,
    "gmst": 2.7288901910520846,
    "duration": 128.0
}