{
    "mass_1_source": 1.333847276444797,
    "mass_2_source": 1.199013648436708,
    "s1_z": 0.018056644608116026,
    "s2_z": -0.022562627604677355,
    "cos_iota": 0.46773983815527176,
    "d_L": 135.66113681917065,
    "t_c": -0.0618864372038364,
    "phase_c": 5.051916527079861,
    "psi": 1.1596377632011552,
    "ra": 5.787108101535946,
    "sin_dec": 0.49735690530474397,
    "q": 0.8989137434328529,
    "M_c": 1.1343538507027497,
    "eta": 0.24929154256687192,
    "iota": 1.084064415346578,
    "dec": 0.5205494721770515,
    "lambda_1": 675.6474857633443,
    "lambda_2": 1216.111923978792,
    "H1_SNR": 12.487277191441265,
    "L1_SNR": 4.007927450208124,
    "V1_SNR": 10.335834944716849,
    "network_SNR": 16.698055518725855,
    "epoch": 254.0,
    "gmst": 2.7288901910520846,
    "duration": 256.0
}