{
    "mass_1_source": 1.5669189749567969,
    "mass_2_source": 1.5231971536293007,
    "s1_z": -0.04667951747042585,
    "s2_z": -0.04559773412868438,
    "cos_iota": 0.8724813281554069,
    "d_L": 99.98689342988229,
    "t_c": -0.04007110354641905,
    "phase_c": 5.018359092894235,
    "psi": 1.4717852701639227,
    "ra": 2.751776918644505,
    "sin_dec": -0.8881928570343507,
    "q": 0.972096948198166,
    "M_c": 1.3752742479036417,
    "eta": 0.2499499519803754,
    "iota": 0.5105388469074691,
    "dec": -1.0933969966792294,
    "lambda_1": 261.9960831702648,
    "lambda_2": 311.4199090850481,
    "H1_SNR": 48.083435499915026,
    "L1_SNR": 33.93344876340316,
    "V1_SNR": 22.48138543474092,
    "network_SNR": 62.999273055475626,
    "epoch": 254.0,
    "gmst": 2.7288901910520846,
    "duration": 256.0
}