{
    "mass_1_source": 2.3332426061212876,
    "mass_2_source": 1.8638363842521788,
    "s1_z": 0.021612222941134657,
    "s2_z": 0.018394353820883197,
    "cos_iota": -0.8077216410878192,
    "d_L": 447.897096398704,
    "t_c": -0.08385719202468818,
    "phase_c": 1.0398303332222323,
    "psi": 2.688864560457388,
    "ra": 1.619694690940315,
    "sin_dec": 0.492776169342823,
    "q": 0.7988180823384519,
    "M_c": 1.9966384341170553,
    "eta": 0.2468728882131846,
    "iota": 2.5110736666788864,
    "dec": 0.5152773081304018,
    "lambda_1": 19.978145055113078,
    "lambda_2": 120.3743687357215,
    "H1_SNR": 11.344701049800028,
    "L1_SNR": 15.0270430255993,
    "V1_SNR": 8.155683439863877,
    "network_SNR": 20.519001836683387,
    "epoch": 126.0,
    "gmst": 2.7288901910520846,
    "duration": 128.0
}