{
    "mass_1_source": 1.8411762169005712,
    "mass_2_source": 1.6287953953031726,
    "s1_z": -0.014244539670067294,
    "s2_z": 0.0007718804392645023,
    "cos_iota": -0.7909258259109642,
    "d_L": 236.989400538125,
    "t_c": -0.08217767503162975,
    "phase_c": 5.250474640361813,
    "psi": 1.4071940547853516,
    "ra": 5.167694494208444,
    "sin_dec": 0.06604769282788947,
    "q": 0.8846493781269239,
    "M_c": 1.5876939592346018,
    "eta": 0.24906347633062367,
    "iota": 2.4831168531302312,
    "dec": 0.06609580728823977,
    "lambda_1": 22.199099517394362,
    "lambda_2": 61.44553005312258,
    "H1_SNR": 2.163027549129597,
    "L1_SNR": 13.033613364193622,
    "V1_SNR": 8.47330941053897,
    "network_SNR": 15.695564273778388,
    "epoch": 126.0,
    "gmst": 2.7288901910520846,
    "duration": 128.0
}