{
    "mass_1_source": 2.465927837125999,
    "mass_2_source": 1.8161010786694167,
    "s1_z": -0.036538170564052244,
    "s2_z": 0.009788732232652309,
    "cos_iota": 0.3799830021881907,
    "d_L": 305.2882721219652,
    "t_c": -0.0925318978504436,
    "phase_c": 3.64274760286964,
    "psi": 1.324439568196202,
    "ra": 3.612365145667038,
    "sin_dec": 0.03641444988995923,
    "q": 0.7364777879250736,
    "M_c": 1.9647741041418845,
    "eta": 0.24424247279585676,
    "iota": 1.1810184065325053,
    "dec": 0.0364225023630704,
    "lambda_1": 3.6454428720028136,
    "lambda_2": 99.96725989840601,
    "H1_SNR": 7.651291211178573,
    "L1_SNR": 7.666093735520128,
    "V1_SNR": 5.761720617332962,
    "network_SNR": 12.268197701057769,
    "epoch": 126.0,
    "gmst": 2.7288901910520846,
    "duration": 128.0
}