{
    "M_c": 2.119559267134072,
    "q": 0.9085342838182312,
    "s1_z": -0.004523772242589111,
    "s2_z": -0.007252917887443533,
    "lambda_1": 9.884230244715193,
    "lambda_2": 27.794413168367875,
    "cos_iota": -0.9953894327819337,
    "d_L": 377.66516907546986,
    "t_c": -0.006803335244540326,
    "phase_c": 0.799691090429034,
    "psi": 0.5102552436138337,
    "ra": 1.760233754847997,
    "sin_dec": 0.7836175292858631,
    "eta": 0.24942580850460278,
    "iota": 3.0455289823211573,
    "dec": 0.9004676651675576,
    "H1_SNR": 19.439053507729632,
    "L1_SNR": 20.74547724098081,
    "V1_SNR": 14.694647179792032,
    "network_SNR": 32.00287929188558,
    "epoch": 62.0,
    "gmst": 2.7288901910520846,
    "duration": 64.0
}