{
    "mass_1_source": 2.2474069867854016,
    "mass_2_source": 1.2224306841646235,
    "s1_z": -0.002322015695273863,
    "s2_z": -0.027002205918590774,
    "cos_iota": -0.6671485095402576,
    "d_L": 104.89668016663774,
    "t_c": -0.06573529013119561,
    "phase_c": 3.8552643414978602,
    "psi": 2.581736992452292,
    "ra": 4.2694159150129725,
    "sin_dec": 0.6711412348754235,
    "q": 0.5439293778796772,
    "M_c": 1.4637109792077752,
    "eta": 0.22818529509327803,
    "iota": 2.301170630122287,
    "dec": 0.735747160270271,
    "lambda_1": 17.155364784242533,
    "lambda_2": 1095.1355879528603,
    "H1_SNR": 18.880580502375125,
    "L1_SNR": 20.791788508083886,
    "V1_SNR": 21.150121249164116,
    "network_SNR": 35.15824822606923,
    "epoch": 126.0,
    "gmst": 2.7288901910520846,
    "duration": 128.0
}