{
    "mass_1_source": 1.4437223812223072,
    "mass_2_source": 1.010827914883506,
    "s1_z": 0.033773988653898274,
    "s2_z": -0.02071163084421095,
    "cos_iota": 0.7833985491232998,
    "d_L": 922.045629842185,
    "t_c": 0.044789206584398666,
    "phase_c": 4.170829972526722,
    "psi": 0.9772501655358832,
    "ra": 0.6907161549760107,
    "sin_dec": -0.006729278240348524,
    "q": 0.7001539409728502,
    "M_c": 1.266753305959847,
    "eta": 0.24222392920270575,
    "iota": 0.6706810701186381,
    "dec": -0.00672932902857609,
    "lambda_1": 211.1156735990589,
    "lambda_2": 1786.1877002917556,
    "ET1_SNR": 15.756177228688195,
    "ET2_SNR": 12.037207288947036,
    "ET3_SNR": 14.176401084995552,
    "network_SNR": 24.374614415444096,
    "epoch": 254.0,
    "gmst": 2.7288901910520846,
    "duration": 256.0
}