{
    "M_c": 2.140176469063443,
    "q": 0.16696987076053058,
    "s1_z": 0.02047444356687171,
    "s2_z": -0.003082674927401309,
    "lambda_1": 7.039733026387287,
    "lambda_2": 1233.6376947170354,
    "cos_iota": -0.8915994637069349,
    "d_L": 87.78616827616526,
    "t_c": -0.07897977523898062,
    "phase_c": 1.3953679770679799,
    "psi": 0.21121145007215952,
    "ra": 0.15105255231116357,
    "sin_dec": -0.7293496664835715,
    "eta": 0.12260800450388237,
    "iota": 2.671661495648628,
    "dec": -0.817370884456365,
    "H1_SNR": 18.878177484513262,
    "L1_SNR": 13.081956913452684,
    "V1_SNR": 70.35997930266211,
    "network_SNR": 74.01384917225462,
    "epoch": 62.0,
    "gmst": 2.7288901910520846,
    "duration": 64.0
}