{
    "mass_1_source": 1.3728655340586753,
    "mass_2_source": 1.3364709256693923,
    "s1_z": -0.0082240224223884,
    "s2_z": 0.0018455885754498497,
    "cos_iota": 0.7079677353401626,
    "d_L": 398.32630806656346,
    "t_c": 0.09141801976105302,
    "phase_c": 2.9360732829749536,
    "psi": 2.2011470339624433,
    "ra": 6.065429653731775,
    "sin_dec": 0.6229130074677958,
    "q": 0.9734900414597141,
    "M_c": 1.285310785058803,
    "eta": 0.2499548884003597,
    "iota": 0.7841798479092124,
    "dec": 0.6724608948793405,
    "lambda_1": 211.71349459291343,
    "lambda_2": 255.5177164834292,
    "H1_SNR": 9.339336042173596,
    "L1_SNR": 5.35720811458051,
    "V1_SNR": 3.5219016434296675,
    "network_SNR": 11.328136107831801,
    "epoch": 254.0,
    "gmst": 2.7288901910520846,
    "duration": 256.0
}