{
    "M_c": 1.7933697745944652,
    "q": 0.786818318536225,
    "s1_z": 0.04430600068022032,
    "s2_z": -0.009773225997583193,
    "lambda_1": 7.06879099875505,
    "lambda_2": 91.79263225050873,
    "cos_iota": -0.9572884171835305,
    "d_L": 491.0297116080048,
    "t_c": -0.04828696574982288,
    "phase_c": 1.2117456523006447,
    "psi": 1.0666915678497704,
    "ra": 5.310313961522049,
    "sin_dec": -0.8111899357494639,
    "eta": 0.24644140156881614,
    "iota": 2.848269825769982,
    "dec": -0.9461840866216661,
    "H1_SNR": 10.910394529963224,
    "L1_SNR": 11.03982833234955,
    "V1_SNR": 11.08136018816487,
    "network_SNR": 19.071210292664823,
    "epoch": 126.0,
    "gmst": 2.7288901910520846,
    "duration": 128.0
}