{
    "mass_1_source": 2.1341091260811336,
    "mass_2_source": 1.3669427984164955,
    "s1_z": -0.033161710476412566,
    "s2_z": 0.044904196536966076,
    "cos_iota": -0.35714711558591006,
    "d_L": 417.2930352926678,
    "t_c": -0.03306910500381144,
    "phase_c": 4.756129640690955,
    "psi": 1.639683765647456,
    "ra": 4.543443016073923,
    "sin_dec": -0.22451310639193878,
    "q": 0.6405215092850541,
    "M_c": 1.619097110902463,
    "eta": 0.23799611102052434,
    "iota": 1.9360081072071484,
    "dec": -0.22644335827979611,
    "lambda_1": 46.88964780493773,
    "lambda_2": 698.7140839519998,
    "H1_SNR": 6.631355243601209,
    "L1_SNR": 9.221175830151822,
    "V1_SNR": 2.7011476540353034,
    "network_SNR": 11.674808551163219,
    "epoch": 126.0,
    "gmst": 2.7288901910520846,
    "duration": 128.0
}