{
    "mass_1_source": 1.531855205788581,
    "mass_2_source": 1.424108129513599,
    "s1_z": -0.010161884789743357,
    "s2_z": -0.041397462114416285,
    "cos_iota": 0.4356053647459319,
    "d_L": 136.57851248628876,
    "t_c": -0.0996414168197243,
    "phase_c": 2.359986448121261,
    "psi": 2.7100657786740525,
    "ra": 1.2068449020797782,
    "sin_dec": -0.3728727789570274,
    "q": 0.929662362429669,
    "M_c": 1.3253073812581442,
    "eta": 0.24966783573243223,
    "iota": 1.120085634813364,
    "dec": -0.38210316109019465,
    "lambda_1": 300.90026851482503,
    "lambda_2": 464.2285086549516,
    "H1_SNR": 14.854193139171263,
    "L1_SNR": 18.37044261148936,
    "V1_SNR": 6.653221439614541,
    "network_SNR": 24.543544387116814,
    "epoch": 254.0,
    "gmst": 2.7288901910520846,
    "duration": 256.0
}