{
    "M_c": 2.0960379709129215,
    "q": 0.6783340388051474,
    "s1_z": 0.011854273549543805,
    "s2_z": 0.04585426775552792,
    "lambda_1": 3.1428652233793293,
    "lambda_2": 73.50922018130451,
    "cos_iota": 0.6271653280426333,
    "d_L": 220.69854080784728,
    "t_c": -0.002560789813332104,
    "phase_c": 2.8391565595514745,
    "psi": 1.7671526709219476,
    "ra": 4.503482560698183,
    "sin_dec": 0.9908166098226938,
    "eta": 0.24081681326579818,
    "iota": 0.8928878634284404,
    "dec": 1.4351683025790412,
    "H1_SNR": 19.527593303468365,
    "L1_SNR": 15.382668213249,
    "V1_SNR": 16.810233485012194,
    "network_SNR": 30.008954187128694,
    "epoch": 126.0,
    "gmst": 2.7288901910520846,
    "duration": 128.0
}