{
    "mass_1_source": 1.6212575100518167,
    "mass_2_source": 1.2334421462601792,
    "s1_z": 0.022906383072068645,
    "s2_z": 0.04244378650121315,
    "cos_iota": 0.4428705093342966,
    "d_L": 83.90543884578904,
    "t_c": 0.02263498253391312,
    "phase_c": 1.5622696676007386,
    "psi": 2.6273629936609493,
    "ra": 2.780695588898957,
    "sin_dec": 0.8706920667315283,
    "q": 0.760793481981007,
    "M_c": 1.2520655913203083,
    "eta": 0.24538608931200392,
    "iota": 1.1119985744897163,
    "dec": 1.0566077027785672,
    "lambda_1": 211.82500197946962,
    "lambda_2": 1042.917867777087,
    "H1_SNR": 21.668512578966002,
    "L1_SNR": 18.420053920275784,
    "V1_SNR": 24.428445610585896,
    "network_SNR": 37.49095595953814,
    "epoch": 254.0,
    "gmst": 2.7288901910520846,
    "duration": 256.0
}