{
    "mass_1_source": 1.8184842503742344,
    "mass_2_source": 1.1355514123131285,
    "s1_z": 0.029183740277022974,
    "s2_z": -0.0022419890917706464,
    "cos_iota": -0.832431045700111,
    "d_L": 299.5329020925431,
    "t_c": -0.013935757997185577,
    "phase_c": 2.9228454217297255,
    "psi": 2.5872588503663163,
    "ra": 4.872904324785647,
    "sin_dec": -0.6015286043150003,
    "q": 0.6244494072904058,
    "M_c": 1.3283371474121988,
    "eta": 0.23663821337639504,
    "iota": 2.554276813108757,
    "dec": -0.6454132364388637,
    "lambda_1": 39.873650722500564,
    "lambda_2": 916.6438212768265,
    "H1_SNR": 12.864510270387878,
    "L1_SNR": 15.918263868590557,
    "V1_SNR": 9.924452625063259,
    "network_SNR": 22.7460218278739,
    "epoch": 254.0,
    "gmst": 2.7288901910520846,
    "duration": 256.0
}