{
    "mass_1_source": 1.9198483210405253,
    "mass_2_source": 1.811015483850586,
    "s1_z": 0.011252333767542845,
    "s2_z": -0.03196490723008816,
    "cos_iota": -0.8026821938421409,
    "d_L": 390.90791641677964,
    "t_c": 0.05501071341663272,
    "phase_c": 2.558134169372362,
    "psi": 1.1999833088904657,
    "ra": 3.9219638269942863,
    "sin_dec": 0.6477395413597984,
    "q": 0.9433117522893925,
    "M_c": 1.7664909544988696,
    "eta": 0.24978726393591047,
    "iota": 2.5025752854881365,
    "dec": 0.7046136615568286,
    "lambda_1": 99.6891073919937,
    "lambda_2": 143.8274010862348,
    "H1_SNR": 4.238332479962649,
    "L1_SNR": 5.546104001620629,
    "V1_SNR": 9.987484362366532,
    "network_SNR": 12.184932322176218,
    "epoch": 126.0,
    "gmst": 2.7288901910520846,
    "duration": 128.0
}