{
    "M_c": 1.8525031534623437,
    "q": 0.5057745706741985,
    "s1_z": 0.005620129443028567,
    "s2_z": -0.03839134643110975,
    "lambda_1": 7.039733026387287,
    "lambda_2": 143.4670221480793,
    "cos_iota": -0.2186024770043078,
    "d_L": 166.8638102088725,
    "t_c": 0.08581650882214445,
    "phase_c": 1.9646455341663802,
    "psi": 1.6878595400469047,
    "ra": 0.262649356015783,
    "sin_dec": 0.3839139048254241,
    "eta": 0.22306789702972213,
    "iota": 1.791178405733434,
    "dec": 0.394031303462671,
    "H1_SNR": 12.250174881434585,
    "L1_SNR": 8.12253822169163,
    "V1_SNR": 3.677236229091376,
    "network_SNR": 15.151385351614369,
    "epoch": 126.0,
    "gmst": 2.7288901910520846,
    "duration": 128.0
}