{
    "mass_1_source": 1.852786592460736,
    "mass_2_source": 1.511118902697303,
    "s1_z": 0.038014672978291975,
    "s2_z": 0.008357840051690268,
    "cos_iota": -0.7931487902113581,
    "d_L": 226.06701939990134,
    "t_c": -0.008682705135211993,
    "phase_c": 3.500211997223089,
    "psi": 0.5333055891117647,
    "ra": 2.3494921827712316,
    "sin_dec": -0.811562337666639,
    "q": 0.815592529029663,
    "M_c": 1.5294735220509714,
    "eta": 0.24742094705202022,
    "iota": 2.4867582473724816,
    "dec": -0.9468211891361387,
    "lambda_1": 20.85921878268389,
    "lambda_2": 107.4447960377755,
    "H1_SNR": 17.97343812547495,
    "L1_SNR": 11.995877756782251,
    "V1_SNR": 10.66406938079731,
    "network_SNR": 24.0970524538666,
    "epoch": 126.0,
    "gmst": 2.7288901910520846,
    "duration": 128.0
}