{
    "mass_1_source": 1.7866299727155999,
    "mass_2_source": 1.0351460118901334,
    "s1_z": 0.014784503802529048,
    "s2_z": 0.025701765880176253,
    "cos_iota": -0.4278549150670634,
    "d_L": 800.0596016476076,
    "t_c": -0.06938237195532238,
    "phase_c": 1.5023650788207215,
    "psi": 0.7727129251960801,
    "ra": 0.31547575495180036,
    "sin_dec": -0.9940055543476847,
    "q": 0.5793846670537809,
    "M_c": 1.387668325922929,
    "eta": 0.23226895327872665,
    "iota": 2.012914484760427,
    "dec": -1.4612477609383707,
    "lambda_1": 46.24692429973104,
    "lambda_2": 1561.2754606740057,
    "ET1_SNR": 17.108713119299463,
    "ET2_SNR": 13.635784894877247,
    "ET3_SNR": 18.553941508396836,
    "network_SNR": 28.686084427730165,
    "epoch": 126.0,
    "gmst": 2.7288901910520846,
    "duration": 128.0
}