{
    "mass_1_source": 1.6127767261529702,
    "mass_2_source": 1.1765419072236416,
    "s1_z": -0.0012452366032708953,
    "s2_z": 0.005879026782536864,
    "cos_iota": -0.9983353462243159,
    "d_L": 398.39761509922954,
    "t_c": 0.06276938204380281,
    "phase_c": 5.543242987527994,
    "psi": 2.914588457622995,
    "ra": 2.3584507799493046,
    "sin_dec": 0.9277651431672864,
    "q": 0.7295131980420505,
    "M_c": 1.303899181230727,
    "eta": 0.24388516974154317,
    "iota": 3.0838844942676293,
    "dec": 1.1883786141570436,
    "lambda_1": 100.11130368598842,
    "lambda_2": 744.4702658726488,
    "H1_SNR": 10.552746218502847,
    "L1_SNR": 9.295927862696491,
    "V1_SNR": 10.901569484533189,
    "network_SNR": 17.793789501022214,
    "epoch": 254.0,
    "gmst": 2.7288901910520846,
    "duration": 256.0
}