{
    "M_c": 1.4476996021329716,
    "q": 0.9597402917216333,
    "s1_z": 0.03339957187218685,
    "s2_z": -0.01188300711718275,
    "lambda_1": 69.00093350769191,
    "lambda_2": 93.16007945974451,
    "cos_iota": 0.9727097235946949,
    "d_L": 190.79704131168674,
    "t_c": 0.06860398437704293,
    "phase_c": 0.15198264584969762,
    "psi": 2.81825501256938,
    "ra": 1.6108915729866922,
    "sin_dec": -0.8923050032061934,
    "eta": 0.249894492286194,
    "iota": 0.23415940834028356,
    "dec": -1.1024256513813433,
    "H1_SNR": 20.911735934847464,
    "L1_SNR": 17.479563117402094,
    "V1_SNR": 17.356411466333554,
    "network_SNR": 32.31223987241846,
    "epoch": 126.0,
    "gmst": 2.7288901910520846,
    "duration": 128.0
}