{
    "mass_1_source": 1.6002708264282504,
    "mass_2_source": 1.2672930677230658,
    "s1_z": 0.013602187854584183,
    "s2_z": 0.010536768299541019,
    "cos_iota": -0.22420296196821488,
    "d_L": 112.96499942513996,
    "t_c": 0.09033154567381696,
    "phase_c": 3.322794511398916,
    "psi": 2.7960138560686065,
    "ra": 4.980258796418954,
    "sin_dec": 0.9492188416588672,
    "q": 0.7919241210886913,
    "M_c": 1.2696558713611628,
    "eta": 0.24662911254270115,
    "iota": 1.7969214272336373,
    "dec": 1.2507436349073557,
    "lambda_1": 229.89097711393748,
    "lambda_2": 898.9449697153917,
    "H1_SNR": 12.244548638996323,
    "L1_SNR": 7.31202528601697,
    "V1_SNR": 9.337184013554852,
    "network_SNR": 17.046339503221287,
    "epoch": 254.0,
    "gmst": 2.7288901910520846,
    "duration": 256.0
}