{
    "mass_1_source": 2.039674077580966,
    "mass_2_source": 1.0407403947695164,
    "s1_z": 0.013147346363918525,
    "s2_z": 0.04779436689212223,
    "cos_iota": -0.23869061718891693,
    "d_L": 799.8411318178249,
    "t_c": -0.0889244902994296,
    "phase_c": 4.47323059076047,
    "psi": 2.698458030041066,
    "ra": 0.23818586559490368,
    "sin_dec": -0.665648655736486,
    "q": 0.5102483804686211,
    "M_c": 1.481052213682078,
    "eta": 0.2237097320207639,
    "iota": 1.811813597765349,
    "dec": -0.728362684043537,
    "lambda_1": 8.824029387260452,
    "lambda_2": 1514.1967279122637,
    "ET1_SNR": 14.921399489939107,
    "ET2_SNR": 12.775579815138979,
    "ET3_SNR": 21.742477524155085,
    "network_SNR": 29.30185883591228,
    "epoch": 126.0,
    "gmst": 2.7288901910520846,
    "duration": 128.0
}