{
    "M_c": 2.2775612566952868,
    "q": 0.5982071752880065,
    "s1_z": -0.02680212562652795,
    "s2_z": 0.011380160465419939,
    "lambda_1": 3.1428652233793293,
    "lambda_2": 60.57217996064687,
    "cos_iota": 0.6211092332692973,
    "d_L": 207.00614749778424,
    "t_c": -0.026464268332432136,
    "phase_c": 0.322540719697977,
    "psi": 2.2382449342368065,
    "ra": 4.420978197886898,
    "sin_dec": -0.6909822652913364,
    "eta": 0.23419923150911792,
    "iota": 0.9006390794054829,
    "dec": -0.7628470094610021,
    "H1_SNR": 27.80120612411737,
    "L1_SNR": 30.17004452386508,
    "V1_SNR": 14.339972016228316,
    "network_SNR": 43.46002123738406,
    "epoch": 62.0,
    "gmst": 2.7288901910520846,
    "duration": 64.0
}