{
    "mass_1_source": 2.3406491980786193,
    "mass_2_source": 1.242134577906258,
    "s1_z": -0.0477455817350253,
    "s2_z": 0.011266871381294473,
    "cos_iota": 0.9207247163149379,
    "d_L": 322.4337471791363,
    "t_c": 0.0705535030012896,
    "phase_c": 3.220795531531177,
    "psi": 0.8883855306472156,
    "ra": 0.4181417192347585,
    "sin_dec": 0.30702160885722396,
    "q": 0.5306795135836226,
    "M_c": 1.5768859358272111,
    "eta": 0.22649769307873255,
    "iota": 0.4008626584209266,
    "dec": 0.31206190597364336,
    "lambda_1": 10.672023195226142,
    "lambda_2": 1003.654750282243,
    "H1_SNR": 18.242118524188843,
    "L1_SNR": 16.744067971035324,
    "V1_SNR": 6.375668769588996,
    "network_SNR": 25.569275561280907,
    "epoch": 126.0,
    "gmst": 2.7288901910520846,
    "duration": 128.0
}