{
    "mass_1_source": 2.2604205845459693,
    "mass_2_source": 1.0710950210424737,
    "s1_z": -0.04020314651243478,
    "s2_z": -0.014194728013171433,
    "cos_iota": 0.9643510203237882,
    "d_L": 428.5129479141978,
    "t_c": -0.0346353808025079,
    "phase_c": 3.709552741376122,
    "psi": 0.18562066576057237,
    "ra": 1.0318999975342573,
    "sin_dec": -0.9705078367510707,
    "q": 0.4738476672727766,
    "M_c": 1.46561332616511,
    "eta": 0.2181391166675054,
    "iota": 0.2678164478523571,
    "dec": -1.327328551218749,
    "lambda_1": 16.12771644399904,
    "lambda_2": 2208.7920956855965,
    "H1_SNR": 9.025223808188716,
    "L1_SNR": 7.169964119014508,
    "V1_SNR": 9.379819286518117,
    "network_SNR": 14.860822995500255,
    "epoch": 126.0,
    "gmst": 2.7288901910520846,
    "duration": 128.0
}