{
    "M_c": 1.1316952733926624,
    "q": 0.6023486114211754,
    "s1_z": 0.03353098951358431,
    "s2_z": 0.023841294908989147,
    "lambda_1": 205.20267427190853,
    "lambda_2": 3455.2312993254145,
    "cos_iota": 0.7918836985446185,
    "d_L": 152.76469979833888,
    "t_c": -0.061758820479900584,
    "phase_c": 2.5808128803586547,
    "psi": 0.2645136817329939,
    "ra": 0.41228019009062766,
    "sin_dec": 0.1543126686738847,
    "eta": 0.23460318120356652,
    "iota": 0.6569088366120082,
    "dec": 0.15493175154775934,
    "H1_SNR": 22.922164926151297,
    "L1_SNR": 22.05329776268658,
    "V1_SNR": 11.833078587487584,
    "network_SNR": 33.93811037711226,
    "epoch": 254.0,
    "gmst": 2.7288901910520846,
    "duration": 256.0
}