{
    "mass_1_source": 1.3945564873822804,
    "mass_2_source": 1.1002076557028153,
    "s1_z": -0.03285572181177503,
    "s2_z": 0.0362786192140198,
    "cos_iota": -0.8983089189965923,
    "d_L": 335.4972116574993,
    "t_c": 0.02335706900346346,
    "phase_c": 1.442539382347533,
    "psi": 0.8513244784817996,
    "ra": 2.9414420371011647,
    "sin_dec": -0.8965317972595508,
    "q": 0.7889301477977513,
    "M_c": 1.1584444664592397,
    "eta": 0.24651978836458557,
    "iota": 2.686701641668119,
    "dec": -1.1118771359729174,
    "lambda_1": 524.2053255822225,
    "lambda_2": 1920.663591517646,
    "H1_SNR": 13.350049372554045,
    "L1_SNR": 9.689107968911332,
    "V1_SNR": 5.5708000286446,
    "network_SNR": 17.410814008598173,
    "epoch": 254.0,
    "gmst": 2.7288901910520846,
    "duration": 256.0
}