{
    "M_c": 2.0132370182365618,
    "q": 0.6913894742780388,
    "s1_z": -0.04796646881426221,
    "s2_z": 0.032099583982525506,
    "lambda_1": 7.039733026387287,
    "lambda_2": 22.57543534796427,
    "cos_iota": 0.5953850420213622,
    "d_L": 387.36526990515597,
    "t_c": -0.03214439549028118,
    "phase_c": 5.077482896870597,
    "psi": 2.9285444947195227,
    "ra": 1.1926607843254673,
    "sin_dec": -0.9405975969547415,
    "eta": 0.2416771085540462,
    "iota": 0.9330515216614506,
    "dec": -1.224386141184802,
    "H1_SNR": 8.48076327819634,
    "L1_SNR": 6.735369406631066,
    "V1_SNR": 8.975875206782842,
    "network_SNR": 14.066089810331945,
    "epoch": 126.0,
    "gmst": 2.7288901910520846,
    "duration": 128.0
}