{
    "mass_1_source": 1.954757969202325,
    "mass_2_source": 1.2507779424561565,
    "s1_z": -0.04867671945683132,
    "s2_z": 0.03476653127624328,
    "cos_iota": -0.001217801137835206,
    "d_L": 182.22360782910684,
    "t_c": -0.04950735346917839,
    "phase_c": 2.9639776968593243,
    "psi": 0.7721597147397088,
    "ra": 3.022384785651287,
    "sin_dec": -0.7168948189634574,
    "q": 0.6398633294568736,
    "M_c": 1.410286500792982,
    "eta": 0.23794244114467714,
    "iota": 1.5720141282337399,
    "dec": -0.7993381506929637,
    "lambda_1": 19.37828378269763,
    "lambda_2": 516.7290145985733,
    "H1_SNR": 10.701792819415308,
    "L1_SNR": 6.8653352222868795,
    "V1_SNR": 0.5780914022117364,
    "network_SNR": 12.727740841695868,
    "epoch": 126.0,
    "gmst": 2.7288901910520846,
    "duration": 128.0
}