{
    "M_c": 1.734583193750002,
    "q": 0.29190998616522046,
    "s1_z": 0.009752857684200464,
    "s2_z": -0.02308763272808219,
    "lambda_1": 7.039733026387287,
    "lambda_2": 1015.7476280244468,
    "cos_iota": -0.6445544793016205,
    "d_L": 185.22131921539733,
    "t_c": -0.08596620989380638,
    "phase_c": 0.9204446011828589,
    "psi": 1.2423117062998505,
    "ra": 5.3939459853313725,
    "sin_dec": -0.5358912786707113,
    "eta": 0.17489783835381043,
    "iota": 2.2712367504023057,
    "dec": -0.5655630523017818,
    "H1_SNR": 15.921563624796777,
    "L1_SNR": 20.36718652786025,
    "V1_SNR": 19.389919173316972,
    "network_SNR": 32.3154365724319,
    "epoch": 126.0,
    "gmst": 2.7288901910520846,
    "duration": 128.0
}