{
    "mass_1_source": 1.0464960679980262,
    "mass_2_source": 1.0324636303042587,
    "s1_z": 0.04087961352370438,
    "s2_z": -0.04236829798756941,
    "cos_iota": -0.719315924639,
    "d_L": 834.8788206338476,
    "t_c": -0.04609542182858877,
    "phase_c": 3.3873923574265077,
    "psi": 3.080322510465269,
    "ra": 0.3602129849029698,
    "sin_dec": 0.20985780895195383,
    "q": 0.9865910268343273,
    "M_c": 1.0755999904192863,
    "eta": 0.2499886102520614,
    "iota": 2.373613412904338,
    "dec": 0.21142952800377288,
    "lambda_1": 1467.4125949046072,
    "lambda_2": 1584.4502897954671,
    "ET1_SNR": 12.795615495371532,
    "ET2_SNR": 13.86630699238876,
    "ET3_SNR": 10.911881214910279,
    "network_SNR": 21.79613261936331,
    "epoch": 254.0,
    "gmst": 2.7288901910520846,
    "duration": 256.0
}