{
    "mass_1_source": 1.3725090684517811,
    "mass_2_source": 1.15002671307178,
    "s1_z": -0.002087423014531395,
    "s2_z": -0.03608144817376,
    "cos_iota": 0.8870351405148216,
    "d_L": 112.55291912398773,
    "t_c": 0.014654206331402977,
    "phase_c": 1.0260076423983282,
    "psi": 0.8972977730216536,
    "ra": 4.15368554023541,
    "sin_dec": -0.320678059958901,
    "q": 0.8379009942491923,
    "M_c": 1.120658547352084,
    "eta": 0.24805528266528107,
    "iota": 0.47991289970987305,
    "dec": -0.3264452667274073,
    "lambda_1": 291.5820805932791,
    "lambda_2": 851.2358248532458,
    "H1_SNR": 37.87233881940313,
    "L1_SNR": 43.07061997244379,
    "V1_SNR": 17.039796309080707,
    "network_SNR": 59.830987044484765,
    "epoch": 254.0,
    "gmst": 2.7288901910520846,
    "duration": 256.0
}