{
    "M_c": 1.8845589448674764,
    "q": 0.8724743718755572,
    "s1_z": 0.009540884848544519,
    "s2_z": -0.01725737914738299,
    "lambda_1": 7.039733026387287,
    "lambda_2": 11.246540598501161,
    "cos_iota": 0.6195012417123289,
    "d_L": 120.24466711263717,
    "t_c": 0.06371554581925132,
    "phase_c": 0.19278855155779567,
    "psi": 1.2297913719942937,
    "ra": 2.1225326184569435,
    "sin_dec": -0.30968437050637654,
    "eta": 0.2488404134037857,
    "iota": 0.9026891473817108,
    "dec": -0.31486106622358895,
    "H1_SNR": 9.067771419221884,
    "L1_SNR": 15.68315840218369,
    "V1_SNR": 14.109941550185821,
    "network_SNR": 22.96249957058034,
    "epoch": 126.0,
    "gmst": 2.7288901910520846,
    "duration": 128.0
}