{
    "mass_1_source": 1.42859653798432,
    "mass_2_source": 1.0945563817746684,
    "s1_z": 0.04587182354495496,
    "s2_z": -0.04988515090452015,
    "cos_iota": 0.3088279935363465,
    "d_L": 638.3922484404019,
    "t_c": 0.09376870024001197,
    "phase_c": 0.9461607745837588,
    "psi": 3.0370475790352613,
    "ra": 2.9869373678442774,
    "sin_dec": -0.116598605286649,
    "q": 0.7661760004815874,
    "M_c": 1.2434272339364705,
    "eta": 0.24561822351859683,
    "iota": 1.2568357822638294,
    "dec": -0.1168644323799012,
    "lambda_1": 225.97139530722004,
    "lambda_2": 1134.5162229631271,
    "ET1_SNR": 9.567328580619389,
    "ET2_SNR": 15.741714286982804,
    "ET3_SNR": 17.28609644015607,
    "network_SNR": 25.261521628771916,
    "epoch": 254.0,
    "gmst": 2.7288901910520846,
    "duration": 256.0
}