{
    "mass_1_source": 1.696072157077531,
    "mass_2_source": 1.149907855440826,
    "s1_z": -0.04245525177780243,
    "s2_z": -0.021675707687078962,
    "cos_iota": -0.8893089880389513,
    "d_L": 383.7895412737551,
    "t_c": -0.03266824376086706,
    "phase_c": 4.837446872350535,
    "psi": 2.972459774564596,
    "ra": 2.6965669946316355,
    "sin_dec": 0.8712868827069764,
    "q": 0.6779828621337726,
    "M_c": 1.3162414977879986,
    "eta": 0.24079289834701567,
    "iota": 2.6666282223866578,
    "dec": 1.0578183975221704,
    "lambda_1": 44.91327062431191,
    "lambda_2": 713.9392059333213,
    "H1_SNR": 8.033942667537467,
    "L1_SNR": 6.806121956625985,
    "V1_SNR": 11.10905802207342,
    "network_SNR": 15.306165457472984,
    "epoch": 254.0,
    "gmst": 2.7288901910520846,
    "duration": 256.0
}