{
    "mass_1_source": 1.9740902764780341,
    "mass_2_source": 1.8229418041611756,
    "s1_z": -0.024745600848592675,
    "s2_z": -0.047232210146274725,
    "cos_iota": 0.5737605355927293,
    "d_L": 389.23110061324707,
    "t_c": 0.036894357446193904,
    "phase_c": 4.812110160134934,
    "psi": 1.0750216687502854,
    "ra": 5.074696647749717,
    "sin_dec": -0.33423589264161224,
    "q": 0.9234338600833788,
    "M_c": 1.7964025491522915,
    "eta": 0.2496038506023976,
    "iota": 0.9597063272325048,
    "dec": -0.3407943803714978,
    "lambda_1": 17.046764994067733,
    "lambda_2": 39.04204216764651,
    "H1_SNR": 6.146192210141104,
    "L1_SNR": 9.81058034964015,
    "V1_SNR": 6.08003357098239,
    "network_SNR": 13.07631346003213,
    "epoch": 126.0,
    "gmst": 2.7288901910520846,
    "duration": 128.0
}