{
    "mass_1_source": 2.0616769343538883,
    "mass_2_source": 1.3780992539931889,
    "s1_z": -0.030442787105926808,
    "s2_z": -0.02410855058633128,
    "cos_iota": -0.8145209785152696,
    "d_L": 276.6203967204946,
    "t_c": 0.050799982773990365,
    "phase_c": 5.952935141375363,
    "psi": 1.4967184593369591,
    "ra": 0.4421855326970419,
    "sin_dec": -0.5946844243053184,
    "q": 0.6684360827973629,
    "M_c": 1.5528347955675614,
    "eta": 0.24012685795700048,
    "iota": 2.522699334257709,
    "dec": -0.6368730646985251,
    "lambda_1": 61.246220267265905,
    "lambda_2": 670.387236234257,
    "H1_SNR": 2.3965375279638916,
    "L1_SNR": 5.237135094432397,
    "V1_SNR": 14.775014752204694,
    "network_SNR": 15.857869877387095,
    "epoch": 126.0,
    "gmst": 2.7288901910520846,
    "duration": 128.0
}