{
    "mass_1_source": 1.7441281037664356,
    "mass_2_source": 1.7398324389176119,
    "s1_z": 0.04580181995813813,
    "s2_z": 0.017419998876675488,
    "cos_iota": -0.3716772210047852,
    "d_L": 125.99818102226806,
    "t_c": -0.08367790083048497,
    "phase_c": 4.836954613493268,
    "psi": 1.2732246433029306,
    "ra": 3.583511454192504,
    "sin_dec": 0.3617902980822585,
    "q": 0.9975370703335682,
    "M_c": 1.5596548527123395,
    "eta": 0.2499996199381018,
    "iota": 1.9516113409972362,
    "dec": 0.3701875655370527,
    "lambda_1": 180.38452439898919,
    "lambda_2": 183.04846300882986,
    "H1_SNR": 8.90601694714174,
    "L1_SNR": 10.278644487229354,
    "V1_SNR": 15.413500829507255,
    "network_SNR": 20.55586724462987,
    "epoch": 126.0,
    "gmst": 2.7288901910520846,
    "duration": 128.0
}