{
    "M_c": 2.0679759916767337,
    "q": 0.9676470068101137,
    "s1_z": 0.027347037694269855,
    "s2_z": 0.03693076757795502,
    "lambda_1": 10.284982838799944,
    "lambda_2": 15.307201227119334,
    "cos_iota": 0.9283823873502675,
    "d_L": 127.75567135731453,
    "t_c": 0.061286416098578406,
    "phase_c": 3.475484655291201,
    "psi": 0.17642024406180792,
    "ra": 0.9271201782052788,
    "sin_dec": -0.35622846537538067,
    "eta": 0.24993241122692897,
    "iota": 0.3807602166108908,
    "dec": -0.3642284502771303,
    "H1_SNR": 32.96734081466099,
    "L1_SNR": 41.55645543552047,
    "V1_SNR": 31.320613752959424,
    "network_SNR": 61.601667141535074,
    "epoch": 126.0,
    "gmst": 2.7288901910520846,
    "duration": 128.0
}