{
    "mass_1_source": 1.6909788744068788,
    "mass_2_source": 1.3411712713167159,
    "s1_z": 0.046320526622445,
    "s2_z": -0.02559155524399406,
    "cos_iota": 0.8688785410852344,
    "d_L": 167.1466448302287,
    "t_c": 0.05329191656580129,
    "phase_c": 3.2490757981053013,
    "psi": 1.8153058282842223,
    "ra": 4.771443847121577,
    "sin_dec": -0.7308701372781581,
    "q": 0.7931330731657662,
    "M_c": 1.3586998327675406,
    "eta": 0.24667266067924967,
    "iota": 0.5178639879799642,
    "dec": -0.8195959774054662,
    "lambda_1": 161.70275847059807,
    "lambda_2": 655.0654757767236,
    "H1_SNR": 27.69390029649893,
    "L1_SNR": 30.73066391375728,
    "V1_SNR": 18.87970719448757,
    "network_SNR": 45.472729871454966,
    "epoch": 254.0,
    "gmst": 2.7288901910520846,
    "duration": 256.0
}