{
    "mass_1_source": 2.4621235294211727,
    "mass_2_source": 1.9514297537478906,
    "s1_z": 0.017877997919690025,
    "s2_z": -0.002363910334174893,
    "cos_iota": -0.7349737730818706,
    "d_L": 448.8555032405264,
    "t_c": 0.04399980602526671,
    "phase_c": 5.4135201654031135,
    "psi": 0.4602253650334375,
    "ra": 5.772831434409297,
    "sin_dec": -0.7146252129075221,
    "q": 0.7925799540231263,
    "M_c": 2.0989090732413964,
    "eta": 0.2466527789808881,
    "iota": 2.3964243296497036,
    "dec": -0.7960881727117578,
    "lambda_1": 3.983762221715675,
    "lambda_2": 59.24037967317924,
    "H1_SNR": 8.34994693049869,
    "L1_SNR": 7.8897449947718785,
    "V1_SNR": 11.872315060730186,
    "network_SNR": 16.52033760932001,
    "epoch": 126.0,
    "gmst": 2.7288901910520846,
    "duration": 128.0
}