{
    "mass_1_source": 1.922226384618435,
    "mass_2_source": 1.426959602272929,
    "s1_z": -0.0273893658945094,
    "s2_z": -0.014020314907303488,
    "cos_iota": 0.8142993831707122,
    "d_L": 195.212945347035,
    "t_c": -0.011433674807871524,
    "phase_c": 0.6422969247527278,
    "psi": 0.9018062719855109,
    "ra": 5.082957028443367,
    "sin_dec": 0.20944035717921272,
    "q": 0.742347318552795,
    "M_c": 1.5020623572748835,
    "eta": 0.24453311574294756,
    "iota": 0.6192751895939859,
    "dec": 0.21100258821352486,
    "lambda_1": 23.525086774870026,
    "lambda_2": 227.64430761673648,
    "H1_SNR": 5.552681786561412,
    "L1_SNR": 14.817598910558479,
    "V1_SNR": 6.69645493343162,
    "network_SNR": 17.182433505545,
    "epoch": 126.0,
    "gmst": 2.7288901910520846,
    "duration": 128.0
}