{
    "mass_1_source": 1.2666810720716297,
    "mass_2_source": 1.1998494182613026,
    "s1_z": 0.03418667009939001,
    "s2_z": 0.04625001378018377,
    "cos_iota": -0.9086364309505481,
    "d_L": 437.6760444965579,
    "t_c": -0.004894021307499316,
    "phase_c": 1.0703015531682958,
    "psi": 2.1344033527984516,
    "ra": 3.676729023840701,
    "sin_dec": 0.21951326905374646,
    "q": 0.9472387680815145,
    "M_c": 1.1792763234469936,
    "eta": 0.24981645969528996,
    "iota": 2.7108033548019153,
    "dec": 0.22131554312801774,
    "lambda_1": 478.6841452837412,
    "lambda_2": 662.8188363942312,
    "H1_SNR": 6.220967696574339,
    "L1_SNR": 7.370040548508992,
    "V1_SNR": 6.883729025486533,
    "network_SNR": 11.84920512375467,
    "epoch": 254.0,
    "gmst": 2.7288901910520846,
    "duration": 256.0
}