{
    "M_c": 1.5243306475582958,
    "q": 0.16567191015131583,
    "s1_z": -0.03672964022081848,
    "s2_z": 0.04600308391561002,
    "lambda_1": 7.039733026387287,
    "lambda_2": 8203.844587946827,
    "cos_iota": -0.6695255357343535,
    "d_L": 443.11003856476964,
    "t_c": -0.07287050355922582,
    "phase_c": 0.9568780411748228,
    "psi": 0.9302986967565791,
    "ra": 1.288624910261625,
    "sin_dec": 0.7041507854798761,
    "eta": 0.12192596940467133,
    "iota": 2.304366169757015,
    "dec": 0.7812264436885689,
    "H1_SNR": 9.75186339276046,
    "L1_SNR": 10.496869647229975,
    "V1_SNR": 4.982280356138643,
    "network_SNR": 15.169252768978586,
    "epoch": 126.0,
    "gmst": 2.7288901910520846,
    "duration": 128.0
}