{
    "mass_1_source": 1.9431923222047889,
    "mass_2_source": 1.0281017214650254,
    "s1_z": 0.0005122007889412292,
    "s2_z": -0.023988462594968386,
    "cos_iota": -0.25029164406329585,
    "d_L": 186.99147852785288,
    "t_c": -0.07533972495711955,
    "phase_c": 2.000746389050802,
    "psi": 0.34178227528353716,
    "ra": 4.710923130797267,
    "sin_dec": -0.07545537034064909,
    "q": 0.5290787276776179,
    "M_c": 1.2697396891435948,
    "eta": 0.2262875224305023,
    "iota": 1.8237778023485824,
    "dec": -0.07552715543327437,
    "lambda_1": 20.815283800194862,
    "lambda_2": 1622.9583832168034,
    "ET1_SNR": 19.138311951012184,
    "ET2_SNR": 21.90807849920775,
    "ET3_SNR": 36.0583973486036,
    "network_SNR": 46.3297626500664,
    "epoch": 254.0,
    "gmst": 2.7288901910520846,
    "duration": 256.0
}