{
    "M_c": 2.1107776007086656,
    "q": 0.14443560280465778,
    "s1_z": -0.03092231619153292,
    "s2_z": -0.010620228806029884,
    "lambda_1": 5.2203813963268075,
    "lambda_2": 3117.491246751232,
    "cos_iota": 0.7157706716023902,
    "d_L": 411.5738091583284,
    "t_c": 0.006267977842296407,
    "phase_c": 5.523221019641127,
    "psi": 2.169205838476534,
    "ra": 1.4670295946484082,
    "sin_dec": -0.955254530481191,
    "eta": 0.11027867470728174,
    "iota": 0.773069259765063,
    "dec": -1.2705191141498131,
    "H1_SNR": 9.442504131980815,
    "L1_SNR": 7.582809351382101,
    "V1_SNR": 8.617767118459323,
    "network_SNR": 14.863572654307621,
    "epoch": 62.0,
    "gmst": 2.7288901910520846,
    "duration": 64.0
}