{
    "mass_1_source": 1.9832796177836127,
    "mass_2_source": 1.5209227538163719,
    "s1_z": 0.018927887022806608,
    "s2_z": 0.018850772191077447,
    "cos_iota": -0.5162248593665533,
    "d_L": 406.2120206304589,
    "t_c": -0.07324952950683242,
    "phase_c": 1.3542110255419582,
    "psi": 0.09489213215833338,
    "ra": 4.654699873033425,
    "sin_dec": -0.9405567191295887,
    "q": 0.7668725782177193,
    "M_c": 1.6478376344451795,
    "eta": 0.2456477255972947,
    "iota": 2.1132335141303455,
    "dec": -1.224265763601225,
    "lambda_1": 15.963391384430135,
    "lambda_2": 149.79144851136357,
    "H1_SNR": 9.698479246652925,
    "L1_SNR": 9.043140971197605,
    "V1_SNR": 5.320994916946266,
    "network_SNR": 14.288172914297974,
    "epoch": 126.0,
    "gmst": 2.7288901910520846,
    "duration": 128.0
}