{
    "M_c": 1.183449240481226,
    "q": 0.139443777201569,
    "s1_z": -0.011832650494512945,
    "s2_z": -0.02343979540528185,
    "lambda_1": 7.039733026387287,
    "lambda_2": 46834.0383711716,
    "cos_iota": -0.045400023623963115,
    "d_L": 141.5145108960982,
    "t_c": 0.07516834696077127,
    "phase_c": 5.3490591126773595,
    "psi": 2.898737592345799,
    "ra": 1.4337238209738035,
    "sin_dec": -0.03891128765170082,
    "eta": 0.1074022393059512,
    "iota": 1.616211961037419,
    "dec": -0.038921113535544685,
    "H1_SNR": 11.043761199875858,
    "L1_SNR": 16.478442374302322,
    "V1_SNR": 3.0425135039505333,
    "network_SNR": 20.068896654893788,
    "epoch": 254.0,
    "gmst": 2.7288901910520846,
    "duration": 256.0
}