{
    "M_c": 1.612373138207254,
    "q": 0.8278160299145856,
    "s1_z": 0.0317416410244961,
    "s2_z": 0.032131096330486816,
    "lambda_1": 37.876469173048804,
    "lambda_2": 163.3149730531458,
    "cos_iota": 0.9906485767439737,
    "d_L": 255.25514421543846,
    "t_c": 0.037513614666389555,
    "phase_c": 2.984466606970565,
    "psi": 0.2949505170421341,
    "ra": 0.17689499537352377,
    "sin_dec": -0.17426409344416882,
    "eta": 0.2477814946539438,
    "iota": 0.13686514942786276,
    "dec": -0.17515837699977027,
    "H1_SNR": 15.985973302292155,
    "L1_SNR": 16.313692893556,
    "V1_SNR": 17.99617312014364,
    "network_SNR": 29.078345297094152,
    "epoch": 126.0,
    "gmst": 2.7288901910520846,
    "duration": 128.0
}