{
    "mass_1_source": 1.9101242507655896,
    "mass_2_source": 1.3532711414676681,
    "s1_z": 0.04247429102271445,
    "s2_z": 0.000710920156651064,
    "cos_iota": -0.903808028460586,
    "d_L": 187.21848377522915,
    "t_c": -0.03814656250034543,
    "phase_c": 4.591176611036128,
    "psi": 0.7324324028120824,
    "ra": 5.796842613343804,
    "sin_dec": -0.26427733076627513,
    "q": 0.7084728341233659,
    "M_c": 1.4545477905656694,
    "eta": 0.24272082912041823,
    "iota": 2.6993824202383974,
    "dec": -0.2674545356648553,
    "lambda_1": 25.160280811416424,
    "lambda_2": 318.58585739126244,
    "H1_SNR": 16.457969230244135,
    "L1_SNR": 17.027087511795234,
    "V1_SNR": 22.888252710465103,
    "network_SNR": 32.93415510463429,
    "epoch": 126.0,
    "gmst": 2.7288901910520846,
    "duration": 128.0
}