{
    "mass_1_source": 1.5286888879208997,
    "mass_2_source": 1.4487281481317336,
    "s1_z": -0.006326798718554218,
    "s2_z": -0.008422220649746029,
    "cos_iota": 0.9060466398676139,
    "d_L": 280.1803423059816,
    "t_c": 0.04323928903091656,
    "phase_c": 0.9279403260750817,
    "psi": 2.6504683447668245,
    "ra": 5.0132242531821785,
    "sin_dec": 0.8404105546127671,
    "q": 0.9476932550364011,
    "M_c": 1.3774472096630288,
    "eta": 0.2498196922982552,
    "iota": 0.43694983100186363,
    "dec": 0.9980403283386836,
    "lambda_1": 381.68447006971036,
    "lambda_2": 513.3268286432814,
    "H1_SNR": 13.293362614022909,
    "L1_SNR": 10.740998217862217,
    "V1_SNR": 9.32902383881565,
    "network_SNR": 19.47082992810558,
    "epoch": 254.0,
    "gmst": 2.7288901910520846,
    "duration": 256.0
}