{
    "mass_1_source": 1.3465992610647404,
    "mass_2_source": 1.0026802229442637,
    "s1_z": 0.014822784703905259,
    "s2_z": 0.040937493866096714,
    "cos_iota": 0.6735659489045673,
    "d_L": 166.1951281452067,
    "t_c": -0.09763375036992877,
    "phase_c": 3.0391945105603773,
    "psi": 2.111245879850297,
    "ra": 3.329479011987352,
    "sin_dec": 0.06247559399780522,
    "q": 0.7446017920368203,
    "M_c": 1.0472823356134089,
    "eta": 0.24464224227079265,
    "iota": 0.8317735395361561,
    "dec": 0.06251630800493645,
    "lambda_1": 754.4551391017283,
    "lambda_2": 3391.173233812704,
    "H1_SNR": 14.097396565407244,
    "L1_SNR": 14.001103584010583,
    "V1_SNR": 12.947602478983491,
    "network_SNR": 23.715140763789055,
    "epoch": 254.0,
    "gmst": 2.7288901910520846,
    "duration": 256.0
}