{
    "mass_1_source": 2.4235069716905304,
    "mass_2_source": 2.2601264341574767,
    "s1_z": 0.019909299225870897,
    "s2_z": 0.005880442457957803,
    "cos_iota": -0.9522194848900232,
    "d_L": 265.4720455439534,
    "t_c": -0.049474345092509475,
    "phase_c": 4.562087698449729,
    "psi": 1.9434102496832764,
    "ra": 0.09489042336140875,
    "sin_dec": 0.48746899567437296,
    "q": 0.9325850763205823,
    "M_c": 2.159381521613974,
    "eta": 0.24969578903763165,
    "iota": 2.831218894364028,
    "dec": 0.5091886621983356,
    "lambda_1": 6.167443250958857,
    "lambda_2": 16.150406974795775,
    "H1_SNR": 29.93063404784746,
    "L1_SNR": 21.769462308892415,
    "V1_SNR": 8.05140462150519,
    "network_SNR": 37.875816296202096,
    "epoch": 62.0,
    "gmst": 2.7288901910520846,
    "duration": 64.0
}