{
    "mass_1_source": 2.320201521773955,
    "mass_2_source": 2.0087809972992545,
    "s1_z": -0.011824738952393068,
    "s2_z": -0.015187713239375268,
    "cos_iota": -0.94923872077886,
    "d_L": 374.0658194733658,
    "t_c": -0.042624095360269815,
    "phase_c": 5.870401316418721,
    "psi": 0.7183136988167944,
    "ra": 1.7116865685420575,
    "sin_dec": 0.4740438500727828,
    "q": 0.8657786741573215,
    "M_c": 2.0372127869245333,
    "eta": 0.24870621292543,
    "iota": 2.8216031529535304,
    "dec": 0.4938777984011297,
    "lambda_1": 11.934413444523802,
    "lambda_2": 47.26500476950434,
    "H1_SNR": 14.887580184760598,
    "L1_SNR": 20.453972131591122,
    "V1_SNR": 11.718763953678817,
    "network_SNR": 27.880718217428054,
    "epoch": 126.0,
    "gmst": 2.7288901910520846,
    "duration": 128.0
}