{
    "M_c": 2.0977456060585773,
    "q": 0.4069608606125352,
    "s1_z": 0.02213686057485395,
    "s2_z": 0.02825815095517273,
    "lambda_1": 3.1428652233793293,
    "lambda_2": 299.6901590687353,
    "cos_iota": 0.7518974398274945,
    "d_L": 100.21696325748087,
    "t_c": -0.04595253132632604,
    "phase_c": 1.4563840925014917,
    "psi": 1.1404690433801623,
    "ra": 4.312812176260582,
    "sin_dec": -0.8766590605199371,
    "eta": 0.20558366807460438,
    "iota": 0.7198609037126904,
    "dec": -1.0688734431723146,
    "H1_SNR": 64.22397161668435,
    "L1_SNR": 59.97239581571346,
    "V1_SNR": 31.67826884545527,
    "network_SNR": 93.40727759196402,
    "epoch": 126.0,
    "gmst": 2.7288901910520846,
    "duration": 128.0
}