{
    "mass_1_source": 1.9004474614092948,
    "mass_2_source": 1.874485926573377,
    "s1_z": -0.02619723183791243,
    "s2_z": 0.007316814448261114,
    "cos_iota": -0.6268467979651628,
    "d_L": 179.89396618251283,
    "t_c": 0.02947453386037563,
    "phase_c": 6.218394076944833,
    "psi": 1.0286891174782817,
    "ra": 3.3393355213797236,
    "sin_dec": -0.8437110478640069,
    "q": 0.986339251485192,
    "M_c": 1.709877119862579,
    "eta": 0.24998817551725036,
    "iota": 2.2482959015784294,
    "dec": -1.0041594281197206,
    "lambda_1": 15.79155334437155,
    "lambda_2": 18.473689104219368,
    "H1_SNR": 28.96416749081256,
    "L1_SNR": 22.239331806159523,
    "V1_SNR": 7.243491293721361,
    "network_SNR": 37.228739486350044,
    "epoch": 126.0,
    "gmst": 2.7288901910520846,
    "duration": 128.0
}