{
    "mass_1_source": 1.6400558756116346,
    "mass_2_source": 1.3684548776213086,
    "s1_z": 0.028707293636951528,
    "s2_z": 0.032413910702747156,
    "cos_iota": -0.9245924671030039,
    "d_L": 396.52219437850914,
    "t_c": -0.03960232689049575,
    "phase_c": 1.086570193634082,
    "psi": 0.27907572892723853,
    "ra": 4.68403338384284,
    "sin_dec": -0.7870774964601837,
    "q": 0.834395277606602,
    "M_c": 1.4198711646910478,
    "eta": 0.24796249072083573,
    "iota": 2.750760769331461,
    "dec": -0.906056817278355,
    "lambda_1": 58.147217584255316,
    "lambda_2": 216.75395725509384,
    "H1_SNR": 13.494643325447187,
    "L1_SNR": 14.17101639671185,
    "V1_SNR": 8.447831882616354,
    "network_SNR": 21.31405563739247,
    "epoch": 126.0,
    "gmst": 2.7288901910520846,
    "duration": 128.0
}