{
    "mass_1_source": 2.2303512539179793,
    "mass_2_source": 1.7486332129510171,
    "s1_z": -0.030144948641217664,
    "s2_z": 0.005709146893042402,
    "cos_iota": -0.9795202729108943,
    "d_L": 375.271298921786,
    "t_c": -0.05104122934133742,
    "phase_c": 2.4344274337804626,
    "psi": 1.5947005135731784,
    "ra": 1.43011660617618,
    "sin_dec": 0.46856210692739886,
    "q": 0.7840169613998041,
    "M_c": 1.8622431566044446,
    "eta": 0.2463357816592438,
    "iota": 2.938861232326095,
    "dec": 0.487662449811955,
    "lambda_1": 18.572274614816383,
    "lambda_2": 129.53264221929203,
    "H1_SNR": 17.00675535161625,
    "L1_SNR": 21.388013031225174,
    "V1_SNR": 9.960155762757921,
    "network_SNR": 29.084042563439933,
    "epoch": 126.0,
    "gmst": 2.7288901910520846,
    "duration": 128.0
}