{
    "M_c": 1.4499369784189995,
    "q": 0.8105313611867475,
    "s1_z": 0.03221411045388696,
    "s2_z": -0.021703958028667314,
    "lambda_1": 107.0657877827944,
    "lambda_2": 405.21042050918527,
    "cos_iota": -0.9912059287626578,
    "d_L": 132.3944305662483,
    "t_c": 0.032829357184980174,
    "phase_c": 5.864896750965118,
    "psi": 1.5676263361949714,
    "ra": 5.901068303952712,
    "sin_dec": -0.4009971327254309,
    "eta": 0.24726219460441543,
    "iota": 3.0088749770654695,
    "dec": -0.4126050656988078,
    "H1_SNR": 25.85737611629415,
    "L1_SNR": 26.41153513837816,
    "V1_SNR": 38.152165219710774,
    "network_SNR": 53.12024848339277,
    "epoch": 126.0,
    "gmst": 2.7288901910520846,
    "duration": 128.0
}