{
    "mass_1_source": 1.7308101654910555,
    "mass_2_source": 1.3745810662326419,
    "s1_z": 0.023092397901580866,
    "s2_z": -0.022094873150829898,
    "cos_iota": -0.5498624639215848,
    "d_L": 359.008940454154,
    "t_c": 0.040461512180753,
    "phase_c": 1.3106840827131776,
    "psi": 2.197855312612573,
    "ra": 4.399666389454047,
    "sin_dec": -0.8094741810756285,
    "q": 0.7941836104496496,
    "M_c": 1.4497818214113725,
    "eta": 0.24671022535286893,
    "iota": 2.1529958921992014,
    "dec": -0.943256025425081,
    "lambda_1": 38.16482753475794,
    "lambda_2": 209.82768062914877,
    "H1_SNR": 10.397070432734608,
    "L1_SNR": 10.619765394225805,
    "V1_SNR": 5.218879493909363,
    "network_SNR": 15.751672729700418,
    "epoch": 126.0,
    "gmst": 2.7288901910520846,
    "duration": 128.0
}