{
    "mass_1_source": 1.985139811182528,
    "mass_2_source": 1.0571151230475306,
    "s1_z": -0.026620070284839106,
    "s2_z": 0.044017716277293006,
    "cos_iota": 0.6123554909066118,
    "d_L": 443.9769453585919,
    "t_c": 0.07664228541023707,
    "phase_c": 4.421195146892765,
    "psi": 0.047980456637795356,
    "ra": 3.6539674162403597,
    "sin_dec": -0.2583573265819923,
    "q": 0.5325141922461459,
    "M_c": 1.3741295489505339,
    "eta": 0.2267368854033378,
    "iota": 0.9117597244418824,
    "dec": -0.2613214122025179,
    "lambda_1": 15.744905369442614,
    "lambda_2": 1385.314067251349,
    "H1_SNR": 7.784743778722129,
    "L1_SNR": 7.740135309251367,
    "V1_SNR": 3.112074744094832,
    "network_SNR": 11.410387351825772,
    "epoch": 254.0,
    "gmst": 2.7288901910520846,
    "duration": 256.0
}