{
    "M_c": 1.4983064152551084,
    "q": 0.5644157121757261,
    "s1_z": 0.04767023569244393,
    "s2_z": 0.0043507246613178965,
    "lambda_1": 7.039733026387287,
    "lambda_2": 401.85679136010873,
    "cos_iota": 0.4853967164620907,
    "d_L": 365.3244046893482,
    "t_c": 0.07081513705470485,
    "phase_c": 2.654997793238133,
    "psi": 0.4386498189486842,
    "ra": 2.069544948813019,
    "sin_dec": -0.8962877619393823,
    "eta": 0.2306188259432067,
    "iota": 1.06397945989046,
    "dec": -1.1113265472789913,
    "H1_SNR": 8.065510553121257,
    "L1_SNR": 5.8181811508859935,
    "V1_SNR": 5.311588116565993,
    "network_SNR": 11.27460246337229,
    "epoch": 126.0,
    "gmst": 2.7288901910520846,
    "duration": 128.0
}