{
    "mass_1_source": 1.8738833509439496,
    "mass_2_source": 1.3716592500354954,
    "s1_z": 0.0002302906927486928,
    "s2_z": 0.037306646159741094,
    "cos_iota": 0.12018392361283547,
    "d_L": 163.2319698444752,
    "t_c": -0.041873354811819974,
    "phase_c": 4.715001861848222,
    "psi": 1.3842067450747302,
    "ra": 0.5139614273606248,
    "sin_dec": 0.8441832964973606,
    "q": 0.7319875323853728,
    "M_c": 1.4436625425799265,
    "eta": 0.24401367239054306,
    "iota": 1.450321179986123,
    "dec": 1.005039789067266,
    "lambda_1": 116.29444886104042,
    "lambda_2": 686.7387566752421,
    "H1_SNR": 10.633191114141118,
    "L1_SNR": 7.794176495222359,
    "V1_SNR": 4.833784625585733,
    "network_SNR": 14.042058763410562,
    "epoch": 126.0,
    "gmst": 2.7288901910520846,
    "duration": 128.0
}