{
    "mass_1_source": 1.2304848800904213,
    "mass_2_source": 1.2021654245406639,
    "s1_z": -0.024122607783231255,
    "s2_z": -0.018532736083538164,
    "cos_iota": 0.4822043942621792,
    "d_L": 184.53056657995964,
    "t_c": 0.04131359595417078,
    "phase_c": 0.4894796186373731,
    "psi": 1.0082685410197105,
    "ra": 2.8721888270841847,
    "sin_dec": 0.127568713289274,
    "q": 0.9769851251258964,
    "M_c": 1.102933441711193,
    "eta": 0.24996611945080793,
    "iota": 1.0676270887945905,
    "dec": 0.1279172760902821,
    "lambda_1": 1056.6663500851173,
    "lambda_2": 1198.9939272598344,
    "H1_SNR": 10.20047410787578,
    "L1_SNR": 7.922123725387649,
    "V1_SNR": 9.44120139201109,
    "network_SNR": 15.998312413198656,
    "epoch": 254.0,
    "gmst": 2.7288901910520846,
    "duration": 256.0
}