{
    "M_c": 2.122235142756356,
    "q": 0.8195954248540295,
    "s1_z": -0.04616559563206557,
    "s2_z": -0.03546210630865365,
    "lambda_1": 3.1428652233793293,
    "lambda_2": 35.83547221929009,
    "cos_iota": -0.6768324013727751,
    "d_L": 280.29849008626627,
    "t_c": -0.07284673716007158,
    "phase_c": 2.650494893862381,
    "psi": 0.3877780146254222,
    "ra": 4.088708978872918,
    "sin_dec": -0.2608982430284059,
    "eta": 0.24754254580975965,
    "iota": 2.31424740148948,
    "dec": -0.2639525546729835,
    "H1_SNR": 20.44297030833504,
    "L1_SNR": 23.14375269385949,
    "V1_SNR": 9.050634890928336,
    "network_SNR": 32.17860027581818,
    "epoch": 62.0,
    "gmst": 2.7288901910520846,
    "duration": 64.0
}