{
    "mass_1_source": 2.40233745200792,
    "mass_2_source": 2.3768868069127196,
    "s1_z": -0.04300977648258508,
    "s2_z": -0.04554150342272487,
    "cos_iota": 0.7893088654215901,
    "d_L": 140.62854082143085,
    "t_c": -0.05262601848280855,
    "phase_c": 5.7887579110488145,
    "psi": 0.22676569726858048,
    "ra": 5.690039319957132,
    "sin_dec": 0.5012131899283623,
    "q": 0.9894058825607833,
    "M_c": 2.1463443910891193,
    "eta": 0.24999291038292074,
    "iota": 0.6611137782648313,
    "dec": 0.5250002140869645,
    "lambda_1": 7.25625133704448,
    "lambda_2": 8.606167588927658,
    "H1_SNR": 30.490871344108083,
    "L1_SNR": 7.780443946801735,
    "V1_SNR": 22.369585474169437,
    "network_SNR": 38.608637603759696,
    "epoch": 62.0,
    "gmst": 2.7288901910520846,
    "duration": 64.0
}