{
    "mass_1_source": 1.57045177069204,
    "mass_2_source": 1.2760569489632245,
    "s1_z": 0.012946295039271138,
    "s2_z": -0.017140591233877144,
    "cos_iota": -0.625491564710206,
    "d_L": 345.83772372350893,
    "t_c": -0.026516086306864042,
    "phase_c": 2.2912427931073993,
    "psi": 0.6292215675330198,
    "ra": 0.4262088124105389,
    "sin_dec": 0.6546475070696891,
    "q": 0.812541316312384,
    "M_c": 1.327245162145622,
    "eta": 0.24732591440186644,
    "iota": 2.2465577253891436,
    "dec": 0.7137162252465127,
    "lambda_1": 328.9370345336102,
    "lambda_2": 1002.5134950027619,
    "H1_SNR": 12.606927233033229,
    "L1_SNR": 10.504321430782936,
    "V1_SNR": 0.3602495640012537,
    "network_SNR": 16.413566423192847,
    "epoch": 254.0,
    "gmst": 2.7288901910520846,
    "duration": 256.0
}