{
    "mass_1_source": 1.7059944799968538,
    "mass_2_source": 1.4442745411280393,
    "s1_z": 0.022724650917868974,
    "s2_z": -0.036458505711493006,
    "cos_iota": 0.9843823045380868,
    "d_L": 215.0012643318847,
    "t_c": -0.034047895660235875,
    "phase_c": 3.0039588423213495,
    "psi": 0.7344806169846559,
    "ra": 3.776982781714553,
    "sin_dec": 0.8694683523980986,
    "q": 0.8465880505842568,
    "M_c": 1.4318873035238189,
    "eta": 0.2482744865690864,
    "iota": 0.17696619840855812,
    "dec": 1.0541250646086209,
    "lambda_1": 42.90248919990489,
    "lambda_2": 148.23789617100684,
    "H1_SNR": 10.079062669724339,
    "L1_SNR": 7.341287088586736,
    "V1_SNR": 20.736556570956356,
    "network_SNR": 24.196834066417743,
    "epoch": 126.0,
    "gmst": 2.7288901910520846,
    "duration": 128.0
}