{
    "M_c": 2.157129786581211,
    "q": 0.8658130043527753,
    "s1_z": -0.03126237345643819,
    "s2_z": 0.0009345718179802481,
    "lambda_1": 7.039733026387287,
    "lambda_2": 7.039733026387287,
    "cos_iota": 0.20371335678568636,
    "d_L": 297.335385942085,
    "t_c": -0.008892081987747422,
    "phase_c": 1.3337658923546316,
    "psi": 2.428254407459453,
    "ra": 4.57851658612115,
    "sin_dec": -0.5896160108770201,
    "eta": 0.24870692225799151,
    "iota": 1.365647000906769,
    "dec": -0.6305833380605119,
    "H1_SNR": 5.354881684399703,
    "L1_SNR": 6.687201689060628,
    "V1_SNR": 7.580619680981958,
    "network_SNR": 11.439371443911844,
    "epoch": 62.0,
    "gmst": 2.7288901910520846,
    "duration": 64.0
}