{
    "mass_1_source": 1.543228397211507,
    "mass_2_source": 1.0878846108749873,
    "s1_z": -0.031853935896116715,
    "s2_z": 0.01435196531103504,
    "cos_iota": -0.0008528347613516729,
    "d_L": 89.95036068214262,
    "t_c": 0.06623578701009372,
    "phase_c": 5.061419799019652,
    "psi": 2.7095767275969327,
    "ra": 1.8234976775010505,
    "sin_dec": 0.037930920232744025,
    "q": 0.7049407675757585,
    "M_c": 1.1474093601588624,
    "eta": 0.24251244829737045,
    "iota": 1.5716491616596298,
    "dec": 0.03794002167496523,
    "lambda_1": 135.78149463633326,
    "lambda_2": 1175.1893814228247,
    "H1_SNR": 8.091808103854072,
    "L1_SNR": 17.47760940095983,
    "V1_SNR": 8.624453827892754,
    "network_SNR": 21.102734244442637,
    "epoch": 254.0,
    "gmst": 2.7288901910520846,
    "duration": 256.0
}