{
    "mass_1_source": 1.529815701851185,
    "mass_2_source": 1.1155142126909718,
    "s1_z": -0.005320684583328218,
    "s2_z": -0.014108270134477068,
    "cos_iota": 0.1284368539639935,
    "d_L": 213.52374195900617,
    "t_c": -0.07992569043011861,
    "phase_c": 2.9578545881187144,
    "psi": 2.1023282780895576,
    "ra": 5.045895737181968,
    "sin_dec": 0.9730762493780403,
    "q": 0.7291820912421809,
    "M_c": 1.189148818712288,
    "eta": 0.24386784235659176,
    "iota": 1.442003709274632,
    "dec": 1.3382218641587778,
    "lambda_1": 144.0347812127809,
    "lambda_2": 1016.6451719635498,
    "H1_SNR": 8.93870522726307,
    "L1_SNR": 7.628128136789796,
    "V1_SNR": 6.376178395963604,
    "network_SNR": 13.369534058759763,
    "epoch": 254.0,
    "gmst": 2.7288901910520846,
    "duration": 256.0
}