{
    "M_c": 1.1026240681244464,
    "q": 0.3637856264869203,
    "s1_z": 0.018444265757060305,
    "s2_z": -0.0018320372907524723,
    "lambda_1": 7.039733026387287,
    "lambda_2": 7282.588640497937,
    "cos_iota": -0.8608172896461106,
    "d_L": 257.6028441570722,
    "t_c": -0.07958441343202885,
    "phase_c": 5.0471791968248345,
    "psi": 0.07421390729166943,
    "ra": 5.89902315527038,
    "sin_dec": 0.028976833308625327,
    "eta": 0.19559300446104905,
    "iota": 2.6076697726732494,
    "dec": 0.028980889941112652,
    "H1_SNR": 9.900190185137555,
    "L1_SNR": 7.496666748997555,
    "V1_SNR": 10.775608607802853,
    "network_SNR": 16.441639787927922,
    "epoch": 254.0,
    "gmst": 2.7288901910520846,
    "duration": 256.0
}