{
    "M_c": 1.3686507954061615,
    "q": 0.7776778478891044,
    "s1_z": 0.0254300496119636,
    "s2_z": 0.01776140653706719,
    "lambda_1": 46.466962071302326,
    "lambda_2": 270.86628729300566,
    "cos_iota": -0.9492917394891718,
    "d_L": 459.18535040423143,
    "t_c": -0.07338375640730775,
    "phase_c": 4.248275231128817,
    "psi": 1.567903953718906,
    "ra": 6.20822938385415,
    "sin_dec": 0.5233803000334176,
    "eta": 0.24608979647282073,
    "iota": 2.821771746465821,
    "dec": 0.550813166040159,
    "H1_SNR": 11.309693445485806,
    "L1_SNR": 7.179395986522171,
    "V1_SNR": 3.9765152745074945,
    "network_SNR": 13.97374560704991,
    "epoch": 254.0,
    "gmst": 2.7288901910520846,
    "duration": 256.0
}