{
    "mass_1_source": 2.2163063039509927,
    "mass_2_source": 1.4574595453885735,
    "s1_z": -0.04534447133650876,
    "s2_z": 0.021918043698503503,
    "cos_iota": 0.5567729875292606,
    "d_L": 233.22618633507267,
    "t_c": -0.03338659053846903,
    "phase_c": 3.1984738886519315,
    "psi": 2.2647714011880606,
    "ra": 0.16897591564196188,
    "sin_dec": 0.3561828976620718,
    "q": 0.6576074538029203,
    "M_c": 1.6399011162943542,
    "eta": 0.23933341913965225,
    "iota": 0.9803004634404142,
    "dec": 0.36417968385588895,
    "lambda_1": 33.90062297558173,
    "lambda_2": 495.835820028886,
    "H1_SNR": 18.079738926155265,
    "L1_SNR": 14.223748107363356,
    "V1_SNR": 5.809060673179823,
    "network_SNR": 23.726296714075314,
    "epoch": 126.0,
    "gmst": 2.7288901910520846,
    "duration": 128.0
}