{
    "mass_1_source": 1.64592074629322,
    "mass_2_source": 1.094246204593664,
    "s1_z": 0.03124044690038026,
    "s2_z": 0.01858373876420072,
    "cos_iota": 0.6343394637138373,
    "d_L": 239.50963596479366,
    "t_c": 0.04572119469937194,
    "phase_c": 2.051305052590299,
    "psi": 0.08223533966876434,
    "ra": 1.733447266824618,
    "sin_dec": -0.6142313315893868,
    "q": 0.664823143555373,
    "M_c": 1.226446195469601,
    "eta": 0.23986667792321628,
    "iota": 0.8836425563118034,
    "dec": -0.6614115211849534,
    "lambda_1": 192.4725527259578,
    "lambda_2": 1976.0303712501611,
    "H1_SNR": 7.914753461818016,
    "L1_SNR": 8.396685798487646,
    "V1_SNR": 4.195802078794602,
    "network_SNR": 12.278127293862916,
    "epoch": 254.0,
    "gmst": 2.7288901910520846,
    "duration": 256.0
}