{
    "M_c": 2.326376828976752,
    "q": 0.7938986856599901,
    "s1_z": -0.004286093015800005,
    "s2_z": 0.028708974816538543,
    "lambda_1": 3.1428652233793293,
    "lambda_2": 14.035924013427481,
    "cos_iota": -0.051690963706544135,
    "d_L": 184.5017797055069,
    "t_c": 0.06547467132148918,
    "phase_c": 2.845411081546641,
    "psi": 1.0341917386165105,
    "ra": 3.5673084686399923,
    "sin_dec": -0.676572656668283,
    "eta": 0.24670006254936525,
    "iota": 1.6225103375512906,
    "dec": -0.7430982836544324,
    "H1_SNR": 23.76922124060762,
    "L1_SNR": 19.160463922217584,
    "V1_SNR": 0.2861046978230023,
    "network_SNR": 30.531641161222737,
    "epoch": 62.0,
    "gmst": 2.7288901910520846,
    "duration": 64.0
}