{
    "mass_1_source": 1.6301603943656002,
    "mass_2_source": 1.0582683100715677,
    "s1_z": -0.015774924004278955,
    "s2_z": 0.02426845598217439,
    "cos_iota": 0.6681797029027257,
    "d_L": 633.2551665969371,
    "t_c": -0.07490569132940253,
    "phase_c": 2.25734560920714,
    "psi": 2.8447752338554806,
    "ra": 4.529841925575814,
    "sin_dec": 0.8981012471087335,
    "q": 0.6491804817055488,
    "M_c": 1.3009950386784699,
    "eta": 0.2386871733583176,
    "iota": 0.8390368718550167,
    "dec": 1.1154328786887802,
    "lambda_1": 92.77767709636568,
    "lambda_2": 1376.7110791993252,
    "ET1_SNR": 22.763958597005107,
    "ET2_SNR": 21.828419401379826,
    "ET3_SNR": 22.21554499059955,
    "network_SNR": 38.577300887932154,
    "epoch": 254.0,
    "gmst": 2.7288901910520846,
    "duration": 256.0
}