{
    "M_c": 1.3693137111374711,
    "q": 0.2617973042041564,
    "s1_z": -0.027513413702709013,
    "s2_z": 0.00022371026308885128,
    "lambda_1": 7.039733026387287,
    "lambda_2": 4999.472269038372,
    "cos_iota": -0.09516967071854854,
    "d_L": 133.9277874159292,
    "t_c": -0.09219151193643077,
    "phase_c": 1.227600960854623,
    "psi": 1.8244947944318899,
    "ra": 0.3315853552789531,
    "sin_dec": 0.8240155673891931,
    "eta": 0.16443186391856246,
    "iota": 1.6661102490671666,
    "dec": 0.9684624588990037,
    "H1_SNR": 15.363607256444777,
    "L1_SNR": 13.030496972925572,
    "V1_SNR": 1.565624591460239,
    "network_SNR": 20.206074820535783,
    "epoch": 254.0,
    "gmst": 2.7288901910520846,
    "duration": 256.0
}