{
    "M_c": 2.187330960137529,
    "q": 0.3629984189169462,
    "s1_z": 0.021359330773032023,
    "s2_z": -0.011027044848872493,
    "lambda_1": 7.039733026387287,
    "lambda_2": 130.88675758435755,
    "cos_iota": 0.6252310655698974,
    "d_L": 189.2026666284581,
    "t_c": 0.001752586024717978,
    "phase_c": 1.676776314177889,
    "psi": 1.7145455330901773,
    "ra": 2.9259967556800612,
    "sin_dec": 0.7643509011066087,
    "eta": 0.195395262315374,
    "iota": 0.8953687579456344,
    "dec": 0.8700340626864924,
    "H1_SNR": 13.47735101209319,
    "L1_SNR": 10.857550382528796,
    "V1_SNR": 27.040235450383303,
    "network_SNR": 32.104512514979675,
    "epoch": 62.0,
    "gmst": 2.7288901910520846,
    "duration": 64.0
}