{
    "mass_1_source": 1.8819319538787305,
    "mass_2_source": 1.4262127074472468,
    "s1_z": 0.028038744813337152,
    "s2_z": -0.04008415324298782,
    "cos_iota": 0.5956780944896392,
    "d_L": 330.91802820100804,
    "t_c": -0.006707136947456421,
    "phase_c": 0.09426417156404004,
    "psi": 0.08855548885795174,
    "ra": 5.986740924426543,
    "sin_dec": 0.5708919775298193,
    "q": 0.7578449924864554,
    "M_c": 1.5299343229163975,
    "eta": 0.24525576967894802,
    "iota": 0.9326867254042759,
    "dec": 0.6075918645885117,
    "lambda_1": 29.20939874520115,
    "lambda_2": 228.41182930915448,
    "H1_SNR": 10.848650905870944,
    "L1_SNR": 5.469821504052258,
    "V1_SNR": 5.117801775650632,
    "network_SNR": 13.18347711260196,
    "epoch": 126.0,
    "gmst": 2.7288901910520846,
    "duration": 128.0
}