{
    "mass_1_source": 1.725094959296741,
    "mass_2_source": 1.1593438557994193,
    "s1_z": 0.03891230011481532,
    "s2_z": -0.002772995623891196,
    "cos_iota": 0.6387540749414877,
    "d_L": 726.7502861072171,
    "t_c": -0.043343000938563095,
    "phase_c": 0.3107090096027275,
    "psi": 3.082251520569574,
    "ra": 0.04586262145176808,
    "sin_dec": 0.39873027902399283,
    "q": 0.6720463992730243,
    "M_c": 1.4276956826615248,
    "eta": 0.2403823677725594,
    "iota": 0.8779184750478792,
    "dec": 0.4101318850292668,
    "lambda_1": 61.06893260521792,
    "lambda_2": 811.8903372744696,
    "ET1_SNR": 11.208829361581987,
    "ET2_SNR": 17.23909471971236,
    "ET3_SNR": 16.2842357527711,
    "network_SNR": 26.229765085949694,
    "epoch": 126.0,
    "gmst": 2.7288901910520846,
    "duration": 128.0
}