{
    "mass_1_source": 1.6735562822408794,
    "mass_2_source": 1.1906572150042278,
    "s1_z": 0.029891169103198736,
    "s2_z": -0.013968706988174429,
    "cos_iota": 0.9664592271458545,
    "d_L": 141.5674161556853,
    "t_c": -0.07330025523926378,
    "phase_c": 3.232030217372708,
    "psi": 1.773907637209584,
    "ra": 5.803111542795207,
    "sin_dec": -0.23944938440699826,
    "q": 0.7114533449750173,
    "M_c": 1.2645320294524247,
    "eta": 0.24289372568899736,
    "iota": 0.25973049650332003,
    "dec": -0.24179869776366378,
    "lambda_1": 49.8604707936182,
    "lambda_2": 564.7975093871374,
    "H1_SNR": 20.67096463372898,
    "L1_SNR": 21.120787049347676,
    "V1_SNR": 28.55416445996212,
    "network_SNR": 41.09399874044056,
    "epoch": 254.0,
    "gmst": 2.7288901910520846,
    "duration": 256.0
}