{
    "mass_1_source": 1.8188146607894982,
    "mass_2_source": 1.2237072189603067,
    "s1_z": 0.0410200722887645,
    "s2_z": -0.0075674878403026585,
    "cos_iota": -0.589609982801715,
    "d_L": 221.67547352585325,
    "t_c": -0.03789153793217932,
    "phase_c": 5.336381296138687,
    "psi": 2.47080750743246,
    "ra": 0.7313515838982854,
    "sin_dec": 0.7837719606227322,
    "q": 0.6728047916818135,
    "M_c": 1.358497793195812,
    "eta": 0.2404354762290372,
    "iota": 2.201372201464874,
    "dec": 0.9007162883583335,
    "lambda_1": 24.942136971719584,
    "lambda_2": 469.162119961876,
    "H1_SNR": 19.73364161876495,
    "L1_SNR": 17.761062342292277,
    "V1_SNR": 4.148630156679064,
    "network_SNR": 26.871603585226392,
    "epoch": 254.0,
    "gmst": 2.7288901910520846,
    "duration": 256.0
}