{
    "M_c": 2.1102847173514885,
    "q": 0.7176115139341473,
    "s1_z": 0.04728660641611715,
    "s2_z": -0.022174528505392477,
    "lambda_1": 3.1428652233793293,
    "lambda_2": 58.359917939170224,
    "cos_iota": 0.7867663148736139,
    "d_L": 235.08467315880742,
    "t_c": -0.0017484557632996278,
    "phase_c": 5.2264987130856575,
    "psi": 1.5948164649284768,
    "ra": 4.817469576524721,
    "sin_dec": -0.9065647591881012,
    "eta": 0.24324253051180436,
    "iota": 0.6652438127228525,
    "dec": -1.1350724586992402,
    "H1_SNR": 26.214697879643037,
    "L1_SNR": 24.951881123795875,
    "V1_SNR": 18.062332480224338,
    "network_SNR": 40.44817191373634,
    "epoch": 62.0,
    "gmst": 2.7288901910520846,
    "duration": 64.0
}