{
    "mass_1_source": 1.9200068641997237,
    "mass_2_source": 1.3216688480112786,
    "s1_z": 0.042684035106027474,
    "s2_z": -0.03819071499206897,
    "cos_iota": 0.9172295136243718,
    "d_L": 238.67164422205818,
    "t_c": 0.08786189904576261,
    "phase_c": 0.2672459583930837,
    "psi": 0.33575338911156705,
    "ra": 5.519430385204914,
    "sin_dec": 0.17973179446662124,
    "q": 0.688366730689873,
    "M_c": 1.4565079289083984,
    "eta": 0.24148285445412543,
    "iota": 0.4097272393854813,
    "dec": 0.18071379906602764,
    "lambda_1": 66.95422407445243,
    "lambda_2": 711.4549705229464,
    "H1_SNR": 7.408420156266664,
    "L1_SNR": 6.231705302190863,
    "V1_SNR": 12.351482476884186,
    "network_SNR": 15.693245666907437,
    "epoch": 126.0,
    "gmst": 2.7288901910520846,
    "duration": 128.0
}