{
    "mass_1_source": 1.8719804736536299,
    "mass_2_source": 1.3323165723866661,
    "s1_z": 0.018210600355006462,
    "s2_z": 0.036198637627536986,
    "cos_iota": 0.7227841508240229,
    "d_L": 82.94605276019544,
    "t_c": -0.08917751808380481,
    "phase_c": 5.6583795454530295,
    "psi": 0.6797140248337691,
    "ra": 0.913173479367775,
    "sin_dec": -0.40927671366517604,
    "q": 0.7117149944338484,
    "M_c": 1.3965708816297582,
    "eta": 0.24290877595485205,
    "iota": 0.7629737179634561,
    "dec": -0.42166120063608237,
    "lambda_1": 80.62721303137815,
    "lambda_2": 680.0408462774805,
    "H1_SNR": 27.113374832502956,
    "L1_SNR": 33.92714996213356,
    "V1_SNR": 29.54745901927403,
    "network_SNR": 52.52845832362284,
    "epoch": 126.0,
    "gmst": 2.7288901910520846,
    "duration": 128.0
}