{
    "mass_1_source": 1.3644293556245113,
    "mass_2_source": 1.2419713684941351,
    "s1_z": 0.004012457421731883,
    "s2_z": 0.013999695569751114,
    "cos_iota": 0.6280925347728599,
    "d_L": 357.7033197789399,
    "t_c": -0.08791984258222924,
    "phase_c": 3.620918349051384,
    "psi": 0.38599492000296065,
    "ra": 4.136639483025286,
    "sin_dec": 0.9991646336058784,
    "q": 0.9102496683865864,
    "M_c": 1.224573502575827,
    "eta": 0.2494481362514788,
    "iota": 0.8916968655576715,
    "dec": 1.5299188824959629,
    "lambda_1": 705.0958519540641,
    "lambda_2": 1153.0782351881423,
    "H1_SNR": 7.51915385115699,
    "L1_SNR": 6.0112007089711925,
    "V1_SNR": 6.410141085487519,
    "network_SNR": 11.565557372507383,
    "epoch": 254.0,
    "gmst": 2.7288901910520846,
    "duration": 256.0
}