{
    "mass_1_source": 1.3583397544033855,
    "mass_2_source": 1.290254551039384,
    "s1_z": 0.03470328044818154,
    "s2_z": 0.00991368622423916,
    "cos_iota": 0.8517217596502431,
    "d_L": 438.87224717322874,
    "t_c": 0.056782205549909565,
    "phase_c": 5.000622572468658,
    "psi": 3.02597821663924,
    "ra": 1.9166700992330665,
    "sin_dec": 0.9658579549611592,
    "q": 0.9498761608476178,
    "M_c": 1.266690366094702,
    "eta": 0.2498347982647634,
    "iota": 0.5515339188028338,
    "dec": 1.308734832514364,
    "lambda_1": 720.5576807819377,
    "lambda_2": 943.3245476547102,
    "H1_SNR": 9.144514191240509,
    "L1_SNR": 8.023834119293209,
    "V1_SNR": 7.334221979780907,
    "network_SNR": 14.205451975084577,
    "epoch": 254.0,
    "gmst": 2.7288901910520846,
    "duration": 256.0
}