{
    "mass_1_source": 1.5493984585355502,
    "mass_2_source": 1.264854321146009,
    "s1_z": 0.0020658810840071817,
    "s2_z": -0.048278457774985385,
    "cos_iota": 0.5709609042210624,
    "d_L": 648.6141449523597,
    "t_c": 0.08717122498748484,
    "phase_c": 0.6602801540234816,
    "psi": 2.7164380815699323,
    "ra": 3.703820564887385,
    "sin_dec": -0.7976126278553242,
    "q": 0.8163518649305456,
    "M_c": 1.3958725309556916,
    "eta": 0.24744428109615663,
    "iota": 0.9631205077738886,
    "dec": -0.9233267531392549,
    "lambda_1": 132.1498399404142,
    "lambda_2": 482.8941437634692,
    "ET1_SNR": 11.609079836943648,
    "ET2_SNR": 17.9255025366806,
    "ET3_SNR": 10.278534804622366,
    "network_SNR": 23.70111080905086,
    "epoch": 126.0,
    "gmst": 2.7288901910520846,
    "duration": 128.0
}