{
    "mass_1_source": 2.00134645087378,
    "mass_2_source": 1.3354661205668907,
    "s1_z": 0.00401699123394441,
    "s2_z": -0.0012701465699213738,
    "cos_iota": -0.8044129754161538,
    "d_L": 278.843463969439,
    "t_c": -0.08494400928880848,
    "phase_c": 1.953736065550815,
    "psi": 2.268194291998127,
    "ra": 2.2156354538240732,
    "sin_dec": -0.7823068585827877,
    "q": 0.6672838278369202,
    "M_c": 1.5067549405316836,
    "eta": 0.2400443698294558,
    "iota": 2.505482993301557,
    "dec": -0.8983607100155513,
    "lambda_1": 13.85210970908327,
    "lambda_2": 345.99538567304273,
    "H1_SNR": 13.45135466294378,
    "L1_SNR": 9.273716273913584,
    "V1_SNR": 8.49542581095133,
    "network_SNR": 18.415021463651,
    "epoch": 126.0,
    "gmst": 2.7288901910520846,
    "duration": 128.0
}