{
    "M_c": 1.4265440858734773,
    "q": 0.8827558481373157,
    "s1_z": -0.039025934840616366,
    "s2_z": -0.042925080856605714,
    "lambda_1": 55.924889669667444,
    "lambda_2": 137.59467675770162,
    "cos_iota": 0.9098834501726545,
    "d_L": 292.8883963595327,
    "t_c": -0.036929088770287555,
    "phase_c": 2.7218111571819956,
    "psi": 0.31038484570352953,
    "ra": 5.773076560048899,
    "sin_dec": 0.9339224026904747,
    "eta": 0.24903052999486708,
    "iota": 0.4277932865994433,
    "dec": 1.2052326330748808,
    "H1_SNR": 17.030984625567314,
    "L1_SNR": 12.646768545767511,
    "V1_SNR": 9.163951734781676,
    "network_SNR": 23.107860207382526,
    "epoch": 126.0,
    "gmst": 2.7288901910520846,
    "duration": 128.0
}