{
    "mass_1_source": 1.8178312079627326,
    "mass_2_source": 1.6094924002441724,
    "s1_z": 0.02757088982644032,
    "s2_z": -0.02063199301326828,
    "cos_iota": -0.4479992674261237,
    "d_L": 455.0493671627408,
    "t_c": 0.03694082678930469,
    "phase_c": 3.614531835924073,
    "psi": 0.9691909967158321,
    "ra": 1.177801764837956,
    "sin_dec": 0.05455983406555953,
    "q": 0.8853915551642177,
    "M_c": 1.6415707540295137,
    "eta": 0.2490762166452985,
    "iota": 2.035322536811124,
    "dec": 0.05458693911932108,
    "lambda_1": 25.069925583980798,
    "lambda_2": 67.09957921848006,
    "H1_SNR": 6.7801179661395095,
    "L1_SNR": 8.334284961391043,
    "V1_SNR": 3.608389270218434,
    "network_SNR": 11.333612776950877,
    "epoch": 126.0,
    "gmst": 2.7288901910520846,
    "duration": 128.0
}