{
    "mass_1_source": 1.9924235062320435,
    "mass_2_source": 1.9877299594795326,
    "s1_z": 0.013761601828640835,
    "s2_z": 0.04193599684246084,
    "cos_iota": -0.4928164732540008,
    "d_L": 262.6935964111451,
    "t_c": 0.017156932411977577,
    "phase_c": 3.162518811454324,
    "psi": 1.2833614287152213,
    "ra": 5.799981835496847,
    "sin_dec": 0.9825702443587465,
    "q": 0.9976443026606391,
    "M_c": 1.8352951427311626,
    "eta": 0.24999965234965116,
    "iota": 2.086119953556598,
    "dec": 1.3838170496765172,
    "lambda_1": 14.894477506984948,
    "lambda_2": 15.441974007378644,
    "H1_SNR": 15.166530058230656,
    "L1_SNR": 12.195748259034257,
    "V1_SNR": 9.081143740123693,
    "network_SNR": 21.476198016263,
    "epoch": 126.0,
    "gmst": 2.7288901910520846,
    "duration": 128.0
}