{
    "M_c": 2.150439659323763,
    "q": 0.9548503544138128,
    "s1_z": -0.019764457658206426,
    "s2_z": 0.038834098164704,
    "lambda_1": 7.039733026387287,
    "lambda_2": 7.039733026387287,
    "cos_iota": 0.22384482522886584,
    "d_L": 353.39496367538203,
    "t_c": -0.07634665129366139,
    "phase_c": 3.6714599800038408,
    "psi": 2.8567535459890645,
    "ra": 2.5798864426945456,
    "sin_dec": 0.7549013282053223,
    "eta": 0.2498666412042611,
    "iota": 1.345038703012349,
    "dec": 0.8555036550862525,
    "H1_SNR": 6.372444376594613,
    "L1_SNR": 3.737975760701523,
    "V1_SNR": 8.430721051997134,
    "network_SNR": 11.209708630333443,
    "epoch": 62.0,
    "gmst": 2.7288901910520846,
    "duration": 64.0
}