{
    "mass_1_source": 1.8874851339821888,
    "mass_2_source": 1.0828476603819233,
    "s1_z": 0.021481570054816282,
    "s2_z": -0.04561182306949192,
    "cos_iota": 0.25610870075971404,
    "d_L": 99.00912473518052,
    "t_c": 0.08926078833791734,
    "phase_c": 4.0099519437192095,
    "psi": 1.9004496461801703,
    "ra": 4.7244777758400325,
    "sin_dec": 0.6699105432225188,
    "q": 0.5736986431767793,
    "M_c": 1.2627528418552163,
    "eta": 0.2316544685316531,
    "iota": 1.3118018435694287,
    "dec": 0.7340882909538478,
    "lambda_1": 17.101147802869736,
    "lambda_2": 1065.668253787441,
    "H1_SNR": 15.176304827219969,
    "L1_SNR": 17.487353493972968,
    "V1_SNR": 10.406283118510405,
    "network_SNR": 25.385399125766437,
    "epoch": 254.0,
    "gmst": 2.7288901910520846,
    "duration": 256.0
}