{
    "M_c": 1.9690313675986073,
    "q": 0.1446821120118387,
    "s1_z": -0.004549666248969089,
    "s2_z": -0.04287461972896385,
    "lambda_1": 5.2203813963268075,
    "lambda_2": 4388.435318335191,
    "cos_iota": 0.8896473902554467,
    "d_L": 492.93191808372933,
    "t_c": -0.002395284802893277,
    "phase_c": 2.8267548313145037,
    "psi": 2.703476415876753,
    "ra": 3.518927538124031,
    "sin_dec": -0.5295891770431327,
    "eta": 0.11041931472221231,
    "iota": 0.47422390848920165,
    "dec": -0.558116176265355,
    "H1_SNR": 14.453857686110577,
    "L1_SNR": 12.165615023425163,
    "V1_SNR": 1.8434890440316014,
    "network_SNR": 18.98195571494124,
    "epoch": 126.0,
    "gmst": 2.7288901910520846,
    "duration": 128.0
}