{
    "mass_1_source": 1.9696548607943551,
    "mass_2_source": 1.2997578738547693,
    "s1_z": 0.04961305225582957,
    "s2_z": 0.03507304056743561,
    "cos_iota": -0.08237323631054494,
    "d_L": 439.24271874002955,
    "t_c": 0.0442548237922335,
    "phase_c": 0.6079967536577469,
    "psi": 2.1575572715009925,
    "ra": 0.27491248708051286,
    "sin_dec": 0.09920910950940476,
    "q": 0.6598911818137424,
    "M_c": 1.5245930878785308,
    "eta": 0.23950417556206677,
    "iota": 1.6532630039077396,
    "dec": 0.09937257797501026,
    "lambda_1": 17.575139568373178,
    "lambda_2": 409.009218914264,
    "ET1_SNR": 24.274533013794233,
    "ET2_SNR": 22.188655688248456,
    "ET3_SNR": 4.406644098537679,
    "network_SNR": 33.181439186698995,
    "epoch": 126.0,
    "gmst": 2.7288901910520846,
    "duration": 128.0
}