{
    "mass_1_source": 1.3854152720812172,
    "mass_2_source": 1.26551200978181,
    "s1_z": 0.04526181972192245,
    "s2_z": 0.006929396055377478,
    "cos_iota": -0.39555550650190874,
    "d_L": 188.77512797730998,
    "t_c": -0.027522926602399925,
    "phase_c": 5.044665193061751,
    "psi": 1.0960860382203323,
    "ra": 3.45803414842486,
    "sin_dec": 0.1936119640192464,
    "q": 0.9134531972357397,
    "M_c": 1.201624526980925,
    "eta": 0.24948854623706573,
    "iota": 1.9774689347757013,
    "dec": 0.19484244543498086,
    "lambda_1": 199.02643988934142,
    "lambda_2": 372.7732560724336,
    "H1_SNR": 8.655065090297398,
    "L1_SNR": 7.78534208441823,
    "V1_SNR": 8.738394514180262,
    "network_SNR": 14.55614103305385,
    "epoch": 254.0,
    "gmst": 2.7288901910520846,
    "duration": 256.0
}