{
    "mass_1_source": 1.9840880035275723,
    "mass_2_source": 1.4047790015644688,
    "s1_z": 0.01734334317461242,
    "s2_z": -0.007005064197561819,
    "cos_iota": -0.8056002167234646,
    "d_L": 254.83682256447239,
    "t_c": 0.07004227699847868,
    "phase_c": 3.4390311906312694,
    "psi": 2.4279710898819626,
    "ra": 3.9642672308145683,
    "sin_dec": -0.7054472233040525,
    "q": 0.7080225267563073,
    "M_c": 1.5325141891654075,
    "eta": 0.24269447364165264,
    "iota": 2.507484191550702,
    "dec": -0.7830539396765811,
    "lambda_1": 15.86839717663012,
    "lambda_2": 251.66353754150288,
    "H1_SNR": 22.99173790076265,
    "L1_SNR": 21.766140342413657,
    "V1_SNR": 5.814405972686335,
    "network_SNR": 32.18993932765676,
    "epoch": 126.0,
    "gmst": 2.7288901910520846,
    "duration": 128.0
}