{
    "M_c": 2.101752589434909,
    "q": 0.6445696888678782,
    "s1_z": 0.04432417827895101,
    "s2_z": 0.026520183476896844,
    "lambda_1": 7.039733026387287,
    "lambda_2": 20.263403574422135,
    "cos_iota": -0.6917072552933452,
    "d_L": 362.8461723298934,
    "t_c": 0.045970388132177936,
    "phase_c": 1.7814304806612635,
    "psi": 0.4632647416410573,
    "ra": 1.1546483190148429,
    "sin_dec": 0.6710992001743952,
    "eta": 0.23832264806917774,
    "iota": 2.3346467480180806,
    "dec": 0.735690459947902,
    "H1_SNR": 16.58171482996654,
    "L1_SNR": 17.412523089129664,
    "V1_SNR": 7.415001733908718,
    "network_SNR": 25.162104000772178,
    "epoch": 62.0,
    "gmst": 2.7288901910520846,
    "duration": 64.0
}