{
    "mass_1_source": 1.84072715961374,
    "mass_2_source": 1.0903508781011495,
    "s1_z": 0.045679702444175116,
    "s2_z": -0.03322922686181062,
    "cos_iota": 0.8127772244372378,
    "d_L": 131.90718703548055,
    "t_c": -0.00698672724683802,
    "phase_c": 0.9937758110597957,
    "psi": 0.5261919346573338,
    "ra": 2.0575904559393168,
    "sin_dec": -0.3649536853345783,
    "q": 0.5923479057754273,
    "M_c": 1.2614877840163228,
    "eta": 0.23361511331977575,
    "iota": 0.6218927855687347,
    "dec": -0.37358305673824843,
    "lambda_1": 22.25092240669614,
    "lambda_2": 1017.0739400706359,
    "H1_SNR": 10.107852783529172,
    "L1_SNR": 13.570156242594349,
    "V1_SNR": 10.68909777493887,
    "network_SNR": 20.01436083376444,
    "epoch": 254.0,
    "gmst": 2.7288901910520846,
    "duration": 256.0
}