{
    "mass_1_source": 1.4932522867384272,
    "mass_2_source": 1.136366980031805,
    "s1_z": -0.032921394326401315,
    "s2_z": -0.044899949114702034,
    "cos_iota": 0.6374575189933709,
    "d_L": 987.3386801348277,
    "t_c": -0.007971582993271567,
    "phase_c": 3.0646016126833477,
    "psi": 2.892908508009711,
    "ra": 4.700817979238578,
    "sin_dec": 0.5776379269242806,
    "q": 0.7610013325436563,
    "M_c": 1.3844358578556601,
    "eta": 0.24539519123887973,
    "iota": 0.8796024267534235,
    "dec": 0.6158320599070587,
    "lambda_1": 169.28483938617651,
    "lambda_2": 912.817360278438,
    "ET1_SNR": 9.311064902108281,
    "ET2_SNR": 11.480034707949327,
    "ET3_SNR": 6.832030907270148,
    "network_SNR": 16.28385006148388,
    "epoch": 254.0,
    "gmst": 2.7288901910520846,
    "duration": 256.0
}