{
    "mass_1_source": 2.356759334498193,
    "mass_2_source": 1.2072485596186127,
    "s1_z": 0.042929127502424155,
    "s2_z": -0.007032495920795134,
    "cos_iota": -0.9269383097068191,
    "d_L": 278.02362905129723,
    "t_c": 0.01761347652356901,
    "phase_c": 4.056778369005929,
    "psi": 0.7040177326390549,
    "ra": 4.601388631603441,
    "sin_dec": -0.1299533316160768,
    "q": 0.5122494019422916,
    "M_c": 1.5436172900558531,
    "eta": 0.22399308806990326,
    "iota": 2.7569652750084757,
    "dec": -0.1303219120467824,
    "lambda_1": 17.611883324091092,
    "lambda_2": 1338.3395744699342,
    "H1_SNR": 14.628795146859504,
    "L1_SNR": 21.33133942418067,
    "V1_SNR": 8.09121385199321,
    "network_SNR": 27.10157616591831,
    "epoch": 126.0,
    "gmst": 2.7288901910520846,
    "duration": 128.0
}