{
    "mass_1_source": 1.8368203636027807,
    "mass_2_source": 1.688428059041434,
    "s1_z": 0.03895922037979249,
    "s2_z": 0.03298049533700141,
    "cos_iota": -0.7128121239208571,
    "d_L": 443.01896590202244,
    "t_c": -0.042053520918483134,
    "phase_c": 0.34710582581999005,
    "psi": 0.1365432552784313,
    "ra": 1.405705107875789,
    "sin_dec": 0.7675451788027021,
    "q": 0.9192124023111946,
    "M_c": 1.686261503908966,
    "eta": 0.24955702082098866,
    "iota": 2.3642959686842984,
    "dec": 0.875002615565551,
    "lambda_1": 22.72407191660298,
    "lambda_2": 46.54718352605512,
    "H1_SNR": 11.680101647769284,
    "L1_SNR": 12.12964231247567,
    "V1_SNR": 6.179742028884374,
    "network_SNR": 17.937173932210804,
    "epoch": 126.0,
    "gmst": 2.7288901910520846,
    "duration": 128.0
}