{
    "mass_1_source": 1.8109286211848783,
    "mass_2_source": 1.5407462753894234,
    "s1_z": 0.011890727483924321,
    "s2_z": -0.0011147089669185858,
    "cos_iota": 0.9903359166468619,
    "d_L": 381.6890125424876,
    "t_c": 0.06767918033495465,
    "phase_c": 4.7489698565722875,
    "psi": 2.0896731389990215,
    "ra": 0.9323121461071512,
    "sin_dec": 0.8767629627240239,
    "q": 0.8508045305404272,
    "M_c": 1.5785375096209944,
    "eta": 0.24837546088900386,
    "iota": 0.1391379843441467,
    "dec": 1.069089448231917,
    "lambda_1": 41.31579452289827,
    "lambda_2": 137.27086934978894,
    "H1_SNR": 18.351103040541712,
    "L1_SNR": 16.571611578639178,
    "V1_SNR": 7.131834885566672,
    "network_SNR": 25.734108920902102,
    "epoch": 126.0,
    "gmst": 2.7288901910520846,
    "duration": 128.0
}