{
    "mass_1_source": 1.7353901736326178,
    "mass_2_source": 1.6640361582205947,
    "s1_z": 0.014482547183715708,
    "s2_z": -0.03871298850606564,
    "cos_iota": 0.48753616310769354,
    "d_L": 961.0962086187496,
    "t_c": -0.03957357464490046,
    "phase_c": 0.33494083893648013,
    "psi": 0.4889065939449332,
    "ra": 2.8832466787758158,
    "sin_dec": 0.588911228682695,
    "q": 0.9588830128831138,
    "M_c": 1.8005473051161864,
    "eta": 0.249889854799931,
    "iota": 1.0615307366664046,
    "dec": 0.6297110189187075,
    "lambda_1": 58.32681307378943,
    "lambda_2": 79.9771346386584,
    "ET1_SNR": 26.085541825827157,
    "ET2_SNR": 21.372929379856377,
    "ET3_SNR": 23.22949968169539,
    "network_SNR": 40.94956969352904,
    "epoch": 126.0,
    "gmst": 2.7288901910520846,
    "duration": 128.0
}