{
    "mass_1_source": 1.2856866890742022,
    "mass_2_source": 1.0335223156042255,
    "s1_z": 0.04337816456853898,
    "s2_z": -0.03894784977421981,
    "cos_iota": -0.8536141344080375,
    "d_L": 184.84957908247185,
    "t_c": 0.0394904177433521,
    "phase_c": 1.2499415225480068,
    "psi": 2.2200538042675246,
    "ra": 4.034111297121564,
    "sin_dec": -0.9042354188351545,
    "q": 0.8038679441788766,
    "M_c": 1.044181536955582,
    "eta": 0.24704452229283314,
    "iota": 2.593680846717176,
    "dec": -1.1295858691394929,
    "lambda_1": 830.038483627977,
    "lambda_2": 2655.7589695030038,
    "H1_SNR": 23.25727804319328,
    "L1_SNR": 20.58813180867041,
    "V1_SNR": 9.440353765649563,
    "network_SNR": 32.463709470271574,
    "epoch": 254.0,
    "gmst": 2.7288901910520846,
    "duration": 256.0
}