{
    "mass_1_source": 2.097891271906356,
    "mass_2_source": 1.2873609187685549,
    "s1_z": -0.0071149069930580774,
    "s2_z": 0.001954328241589344,
    "cos_iota": -0.42346404495607537,
    "d_L": 282.94845403608315,
    "t_c": -0.05315013933943709,
    "phase_c": 2.6507423240856762,
    "psi": 1.5845903425966923,
    "ra": 2.792570125843334,
    "sin_dec": -0.020646475562172473,
    "q": 0.6136452045957218,
    "M_c": 1.5131655899903527,
    "eta": 0.23566833924616465,
    "iota": 2.0080620615944795,
    "dec": -0.020647942696404995,
    "lambda_1": 32.968412812677926,
    "lambda_2": 824.0636371390323,
    "H1_SNR": 6.44592593651997,
    "L1_SNR": 4.895330116286023,
    "V1_SNR": 8.15300142615889,
    "network_SNR": 11.488500789113724,
    "epoch": 126.0,
    "gmst": 2.7288901910520846,
    "duration": 128.0
}