{
    "mass_1_source": 1.6574982215739813,
    "mass_2_source": 1.5940152087524,
    "s1_z": 0.03882512996449146,
    "s2_z": -0.04220511107744791,
    "cos_iota": 0.6590583896185529,
    "d_L": 385.14111167252986,
    "t_c": 0.02471028234157871,
    "phase_c": 5.896249642155978,
    "psi": 1.5290504713004278,
    "ra": 3.637159958607347,
    "sin_dec": -0.3391692920000682,
    "q": 0.961699498681032,
    "M_c": 1.5381184017251492,
    "eta": 0.24990470196110534,
    "iota": 0.8512302424663447,
    "dec": -0.34603370629062963,
    "lambda_1": 53.71216686964497,
    "lambda_2": 72.33411002770917,
    "H1_SNR": 11.03061369106771,
    "L1_SNR": 10.4375997331135,
    "V1_SNR": 3.5181262206125297,
    "network_SNR": 15.588301340890956,
    "epoch": 126.0,
    "gmst": 2.7288901910520846,
    "duration": 128.0
}