{
    "mass_1_source": 1.7838156222538932,
    "mass_2_source": 1.1793520721134187,
    "s1_z": 0.031140870050577196,
    "s2_z": -0.00034379319822861604,
    "cos_iota": 0.3568160002863583,
    "d_L": 209.6719231713642,
    "t_c": 0.06621734042557215,
    "phase_c": 2.7094180143663458,
    "psi": 0.2984626557185366,
    "ra": 4.944186158117949,
    "sin_dec": -0.18349533435292287,
    "q": 0.6611401186313637,
    "M_c": 1.3168846124233793,
    "eta": 0.2395967799851326,
    "iota": 1.2059390172634419,
    "dec": -0.18454098771653218,
    "lambda_1": 157.43081019669825,
    "lambda_2": 1500.7518148396512,
    "H1_SNR": 6.273644370325542,
    "L1_SNR": 12.299313663259358,
    "V1_SNR": 6.570482995861558,
    "network_SNR": 15.290617288764427,
    "epoch": 254.0,
    "gmst": 2.7288901910520846,
    "duration": 256.0
}