{
    "mass_1_source": 1.7357565444870762,
    "mass_2_source": 1.5879173591854738,
    "s1_z": -0.03481644424115711,
    "s2_z": -0.031374434450550576,
    "cos_iota": 0.5430432760246888,
    "d_L": 916.495211373914,
    "t_c": 0.0463215530865238,
    "phase_c": 0.16035106470041186,
    "psi": 3.1117099544726816,
    "ra": 2.203165923269154,
    "sin_dec": 0.7635416446378183,
    "q": 0.914827234400381,
    "M_c": 1.7442359519644397,
    "eta": 0.24950536787913272,
    "iota": 0.9967392251315461,
    "dec": 0.8687799452091192,
    "lambda_1": 58.231158079780144,
    "lambda_2": 111.61647120439426,
    "ET1_SNR": 24.992018524017254,
    "ET2_SNR": 21.365377515292106,
    "ET3_SNR": 22.927193862327957,
    "network_SNR": 40.084118609201575,
    "epoch": 126.0,
    "gmst": 2.7288901910520846,
    "duration": 128.0
}