{
    "M_c": 1.3164774480061783,
    "q": 0.7312024907801064,
    "s1_z": -0.032836979704373714,
    "s2_z": -0.012613471929802424,
    "lambda_1": 49.268677524739665,
    "lambda_2": 415.79138639776716,
    "cos_iota": -0.9089677588611553,
    "d_L": 392.50015788871093,
    "t_c": -0.04044662035799465,
    "phase_c": 5.649892013518011,
    "psi": 3.0573702467876855,
    "ra": 6.218528263985397,
    "sin_dec": -0.9659417294924899,
    "eta": 0.24397308936068696,
    "iota": 2.7115974733008787,
    "dec": -1.3090583913022407,
    "H1_SNR": 8.424855294419855,
    "L1_SNR": 6.619561977047213,
    "V1_SNR": 10.05342068890609,
    "network_SNR": 14.692448912553974,
    "epoch": 254.0,
    "gmst": 2.7288901910520846,
    "duration": 256.0
}