{
    "mass_1_source": 1.9949970192226019,
    "mass_2_source": 1.2545620911669226,
    "s1_z": 0.04439507643757494,
    "s2_z": -0.03384470886436297,
    "cos_iota": 0.731127600595014,
    "d_L": 488.5611413533761,
    "t_c": 0.07883874562879331,
    "phase_c": 3.1325897091432338,
    "psi": 1.192872341196369,
    "ra": 3.1338091427525483,
    "sin_dec": -0.09518667981161721,
    "q": 0.6288541181158219,
    "M_c": 1.5211521667665926,
    "eta": 0.2370202920551355,
    "iota": 0.7508230466779605,
    "dec": -0.09533100893446535,
    "lambda_1": 14.593642375107226,
    "lambda_2": 507.3828855164238,
    "ET1_SNR": 34.84864065771419,
    "ET2_SNR": 39.275825956410955,
    "ET3_SNR": 36.726973319986115,
    "network_SNR": 64.07720990723415,
    "epoch": 126.0,
    "gmst": 2.7288901910520846,
    "duration": 128.0
}