{
    "mass_1_source": 1.831137669977107,
    "mass_2_source": 1.2641291007102777,
    "s1_z": 0.02803622556027674,
    "s2_z": 0.010894393590036654,
    "cos_iota": 0.36612090249492635,
    "d_L": 311.95287646113894,
    "t_c": 0.09561550016001119,
    "phase_c": 0.5437624435790531,
    "psi": 0.055123281024105575,
    "ra": 3.9769404777282795,
    "sin_dec": -0.36299490285045,
    "q": 0.6903517531404845,
    "M_c": 1.413023971629116,
    "eta": 0.24161075103644594,
    "iota": 1.195959271972074,
    "dec": -0.3714800246395081,
    "lambda_1": 94.3556274871402,
    "lambda_2": 911.4218313543591,
    "H1_SNR": 8.755637058764997,
    "L1_SNR": 9.859644106826254,
    "V1_SNR": 2.6982667061028947,
    "network_SNR": 13.459361256588515,
    "epoch": 126.0,
    "gmst": 2.7288901910520846,
    "duration": 128.0
}