{
    "mass_1_source": 2.114480795293942,
    "mass_2_source": 1.9142826817071597,
    "s1_z": 0.03536091706040945,
    "s2_z": -0.04878390073909942,
    "cos_iota": 0.6960173937014087,
    "d_L": 174.07184170908687,
    "t_c": -0.03541065770471699,
    "phase_c": 4.361481997164982,
    "psi": 1.043292452857009,
    "ra": 1.4797630292783353,
    "sin_dec": -0.30606205431489464,
    "q": 0.905320438931226,
    "M_c": 1.819894021151858,
    "eta": 0.24938267135712797,
    "iota": 0.8009604635798975,
    "dec": -0.3110538192478677,
    "lambda_1": 30.77629442914788,
    "lambda_2": 68.45846861744558,
    "H1_SNR": 17.574756401958545,
    "L1_SNR": 24.06920773173143,
    "V1_SNR": 4.486144771528333,
    "network_SNR": 30.138419307132448,
    "epoch": 126.0,
    "gmst": 2.7288901910520846,
    "duration": 128.0
}