{
    "mass_1_source": 1.957310189635363,
    "mass_2_source": 1.506359522531516,
    "s1_z": 0.02755030638970142,
    "s2_z": 0.03064730356009869,
    "cos_iota": 0.42135936747469316,
    "d_L": 227.55985856475615,
    "t_c": 0.06211360217070094,
    "phase_c": 2.1700018826735197,
    "psi": 1.565069254577316,
    "ra": 4.946971511672853,
    "sin_dec": -0.5996297365390322,
    "q": 0.7696069486115245,
    "M_c": 1.5689941802284995,
    "eta": 0.2457623495316388,
    "iota": 1.1358526008169147,
    "dec": -0.6430383597518111,
    "lambda_1": 10.696277381314822,
    "lambda_2": 109.97775754217548,
    "H1_SNR": 12.54252201879377,
    "L1_SNR": 16.369796341369558,
    "V1_SNR": 9.23808509930874,
    "network_SNR": 22.597064126826584,
    "epoch": 126.0,
    "gmst": 2.7288901910520846,
    "duration": 128.0
}