{
    "M_c": 1.9339760124078538,
    "q": 0.8076238323355703,
    "s1_z": -0.0035250284664976247,
    "s2_z": 0.042880943808503186,
    "lambda_1": 5.2203813963268075,
    "lambda_2": 45.11552242666369,
    "cos_iota": -0.8963865165636733,
    "d_L": 384.5271807884623,
    "t_c": 0.03504946360447109,
    "phase_c": 1.0644359384202973,
    "psi": 2.820376469577464,
    "ra": 2.8530109455021186,
    "sin_dec": -0.8279133572830655,
    "eta": 0.24716843569280236,
    "iota": 2.6823456088771884,
    "dec": -0.9753769422041504,
    "H1_SNR": 17.191316566321433,
    "L1_SNR": 11.457611739393437,
    "V1_SNR": 6.959736449995948,
    "network_SNR": 21.80037071949847,
    "epoch": 126.0,
    "gmst": 2.7288901910520846,
    "duration": 128.0
}