{
    "mass_1_source": 1.8826876213675572,
    "mass_2_source": 1.4084004139696518,
    "s1_z": -0.022279465457229787,
    "s2_z": 0.04199103642414047,
    "cos_iota": 0.6136864843558674,
    "d_L": 160.27722151463942,
    "t_c": 0.023294619300810865,
    "phase_c": 0.80772150612676,
    "psi": 2.5445189886183517,
    "ra": 3.680401005312952,
    "sin_dec": -0.4041682204855297,
    "q": 0.7480797122077055,
    "M_c": 1.4658343489016605,
    "eta": 0.244807890641905,
    "iota": 0.9100750641205454,
    "dec": -0.4160692856880051,
    "lambda_1": 112.822243408774,
    "lambda_2": 596.999050380669,
    "H1_SNR": 26.72991299240779,
    "L1_SNR": 24.508753184766626,
    "V1_SNR": 7.145006270412341,
    "network_SNR": 36.962390965111155,
    "epoch": 126.0,
    "gmst": 2.7288901910520846,
    "duration": 128.0
}