{
    "mass_1_source": 1.5900944868595028,
    "mass_2_source": 1.2128576291802742,
    "s1_z": -0.03451583004353638,
    "s2_z": -0.04513194980427751,
    "cos_iota": 0.5164845315859456,
    "d_L": 322.32281300789367,
    "t_c": 0.07453970417804698,
    "phase_c": 1.5866238163619524,
    "psi": 0.48885290788893343,
    "ra": 5.072415982655458,
    "sin_dec": -0.9214707431023714,
    "q": 0.7627582129258961,
    "M_c": 1.294636306166732,
    "eta": 0.24547168230031577,
    "iota": 1.0280559168329846,
    "dec": -1.1718498475882133,
    "lambda_1": 110.55754247927742,
    "lambda_2": 621.5948254231273,
    "H1_SNR": 7.996465028167875,
    "L1_SNR": 7.144357656873016,
    "V1_SNR": 7.744897026982506,
    "network_SNR": 13.227574578682004,
    "epoch": 254.0,
    "gmst": 2.7288901910520846,
    "duration": 256.0
}