{
    "mass_1_source": 1.5917778221991346,
    "mass_2_source": 1.5047430059818008,
    "s1_z": -0.021457825620378193,
    "s2_z": 0.04095552134750502,
    "cos_iota": 0.8285869398524048,
    "d_L": 374.6793135073807,
    "t_c": 0.0240983440460234,
    "phase_c": 0.8357383214025447,
    "psi": 1.384360221957265,
    "ra": 5.4832497812233765,
    "sin_dec": -0.6992308554778566,
    "q": 0.9453222585441666,
    "M_c": 1.4612554936776334,
    "eta": 0.24980249502904367,
    "iota": 0.5942173276402435,
    "dec": -0.7743210465452285,
    "lambda_1": 109.74568005237717,
    "lambda_2": 160.88773206599893,
    "H1_SNR": 9.262989791212295,
    "L1_SNR": 10.007733501454142,
    "V1_SNR": 11.33976533867539,
    "network_SNR": 17.735500772305656,
    "epoch": 126.0,
    "gmst": 2.7288901910520846,
    "duration": 128.0
}