{
    "mass_1_source": 1.7114536991347815,
    "mass_2_source": 1.4401662614730801,
    "s1_z": -0.02147036355308889,
    "s2_z": 0.04064523695180569,
    "cos_iota": 0.6659960548296637,
    "d_L": 346.96065547888986,
    "t_c": 0.03831153869776732,
    "phase_c": 1.824736599271977,
    "psi": 1.047372002184845,
    "ra": 1.3166768524419254,
    "sin_dec": 0.7799163337329049,
    "q": 0.8414871300352152,
    "M_c": 1.4727836635495455,
    "eta": 0.24814761314219877,
    "iota": 0.8419680291547591,
    "dec": 0.8945321290977496,
    "lambda_1": 200.85803253535317,
    "lambda_2": 530.5991335144408,
    "H1_SNR": 12.680808712206405,
    "L1_SNR": 13.143566896798195,
    "V1_SNR": 6.452288219738687,
    "network_SNR": 19.369777583564503,
    "epoch": 126.0,
    "gmst": 2.7288901910520846,
    "duration": 128.0
}