{
    "mass_1_source": 1.9592036290422428,
    "mass_2_source": 1.245112176845743,
    "s1_z": -0.04921663364491653,
    "s2_z": 0.029903144278013064,
    "cos_iota": 0.6559655842899996,
    "d_L": 274.23597064307756,
    "t_c": 0.021985726157416785,
    "phase_c": 4.2725163982325345,
    "psi": 1.5940535386782757,
    "ra": 1.7122327107927415,
    "sin_dec": 0.2357070890075903,
    "q": 0.6355195337477076,
    "M_c": 1.4366008485103332,
    "eta": 0.2375841329450051,
    "iota": 0.8553351422573896,
    "dec": 0.23794609343403586,
    "lambda_1": 10.532859690460288,
    "lambda_2": 416.3732342285494,
    "H1_SNR": 8.83617060907806,
    "L1_SNR": 14.713172108379727,
    "V1_SNR": 6.734548916168658,
    "network_SNR": 18.436634552645625,
    "epoch": 126.0,
    "gmst": 2.7288901910520846,
    "duration": 128.0
}