{
    "mass_1_source": 1.888000388210466,
    "mass_2_source": 1.0955740915054506,
    "s1_z": -0.037265777326281606,
    "s2_z": -0.04639283099331304,
    "cos_iota": -0.8714619669029302,
    "d_L": 415.46332242534805,
    "t_c": 0.02546734128568731,
    "phase_c": 4.6101532180784925,
    "psi": 3.0723247284739656,
    "ra": 2.5444395551238608,
    "sin_dec": 0.9006669771433038,
    "q": 0.580282768132207,
    "M_c": 1.3595877411922728,
    "eta": 0.2323646533987718,
    "iota": 2.6289715884988647,
    "dec": 1.1213020909273297,
    "lambda_1": 110.7270081296412,
    "lambda_2": 2194.762004727147,
    "H1_SNR": 8.283328318188577,
    "L1_SNR": 7.179198003063121,
    "V1_SNR": 9.990969880283437,
    "network_SNR": 14.831516818681127,
    "epoch": 254.0,
    "gmst": 2.7288901910520846,
    "duration": 256.0
}