{
    "mass_1_source": 2.2501720216671064,
    "mass_2_source": 1.9240381876162425,
    "s1_z": -0.013489676794126652,
    "s2_z": 0.002584590742527683,
    "cos_iota": 0.959002868272163,
    "d_L": 144.05697390129848,
    "t_c": 0.059008179001381195,
    "phase_c": 2.6187913776219394,
    "psi": 0.9681961251143764,
    "ra": 4.846812274469066,
    "sin_dec": -0.1261451163184084,
    "q": 0.855062710357034,
    "M_c": 1.8691928796427886,
    "eta": 0.24847389966049702,
    "iota": 0.28733382210646846,
    "dec": -0.12648208411355114,
    "lambda_1": 16.933164657802124,
    "lambda_2": 65.9138015343034,
    "H1_SNR": 24.85342615319091,
    "L1_SNR": 44.54970279365039,
    "V1_SNR": 18.57663705023425,
    "network_SNR": 54.29051717059648,
    "epoch": 126.0,
    "gmst": 2.7288901910520846,
    "duration": 128.0
}