{
    "mass_1_source": 2.2003925946220027,
    "mass_2_source": 1.5324065076431768,
    "s1_z": 0.033120323667105225,
    "s2_z": -0.03212745864949893,
    "cos_iota": -0.13940335241612978,
    "d_L": 224.2220266597529,
    "t_c": 0.004346844599016644,
    "phase_c": 0.013484408682077948,
    "psi": 1.0906354306239388,
    "ra": 1.053955717064998,
    "sin_dec": 0.30177139707399103,
    "q": 0.696424134215205,
    "M_c": 1.6741007245270592,
    "eta": 0.24199418392258232,
    "iota": 1.71065518502463,
    "dec": 0.30655012629519496,
    "lambda_1": 21.271103587284653,
    "lambda_2": 300.2418870580217,
    "H1_SNR": 14.606270140012112,
    "L1_SNR": 16.577498116982795,
    "V1_SNR": 5.588771780682624,
    "network_SNR": 22.790150092488027,
    "epoch": 126.0,
    "gmst": 2.7288901910520846,
    "duration": 128.0
}