{
    "mass_1_source": 2.240695714613368,
    "mass_2_source": 1.9893440547529546,
    "s1_z": 0.03866525813882234,
    "s2_z": 0.021901264231486195,
    "cos_iota": 0.29875168464471,
    "d_L": 287.3872290580679,
    "t_c": 0.0578951909061185,
    "phase_c": 2.67991399248455,
    "psi": 1.1964145732229496,
    "ra": 6.06295081443661,
    "sin_dec": 0.12294205149087567,
    "q": 0.8878242778699721,
    "M_c": 1.9566388858202342,
    "eta": 0.2491172969589705,
    "iota": 1.2674119940580868,
    "dec": 0.12325388350509693,
    "lambda_1": 30.62993417752877,
    "lambda_2": 78.6624341872421,
    "H1_SNR": 6.175435741270514,
    "L1_SNR": 6.624527877439807,
    "V1_SNR": 8.838312528728855,
    "network_SNR": 12.654491082182005,
    "epoch": 126.0,
    "gmst": 2.7288901910520846,
    "duration": 128.0
}