{
    "mass_1_source": 2.010200414795068,
    "mass_2_source": 1.9692500045446368,
    "s1_z": -0.012160448633498945,
    "s2_z": 0.04287361987375009,
    "cos_iota": 0.3826105658578509,
    "d_L": 541.2659211447849,
    "t_c": 0.019267072818356018,
    "phase_c": 0.7659703557428811,
    "psi": 1.518421936085718,
    "ra": 2.125723641186263,
    "sin_dec": -0.01876308800856208,
    "q": 0.9796286927666336,
    "M_c": 1.9438798645935706,
    "eta": 0.24997352656313834,
    "iota": 1.1781761139470868,
    "dec": -0.01876418911805852,
    "lambda_1": 12.808648975443578,
    "lambda_2": 17.623588741939123,
    "ET1_SNR": 22.781852793691897,
    "ET2_SNR": 19.00400623643155,
    "ET3_SNR": 22.226725931181733,
    "network_SNR": 37.07010136710774,
    "epoch": 126.0,
    "gmst": 2.7288901910520846,
    "duration": 128.0
}