{
    "mass_1_source": 2.131104635561746,
    "mass_2_source": 1.1375921103799647,
    "s1_z": 0.021481525024869247,
    "s2_z": 0.04392448048520951,
    "cos_iota": -0.6427553455854533,
    "d_L": 348.72919657514063,
    "t_c": -0.08422858327206706,
    "phase_c": 4.667245283583486,
    "psi": 0.4786365956608621,
    "ra": 3.919081749309675,
    "sin_dec": -0.0014231310966299482,
    "q": 0.5338039678563706,
    "M_c": 1.4481709740307918,
    "eta": 0.226903964386711,
    "iota": 2.2688859105440913,
    "dec": -0.0014231315770087901,
    "lambda_1": 28.70532998911456,
    "lambda_2": 1610.8253406985225,
    "H1_SNR": 9.806881393309693,
    "L1_SNR": 11.24771682977089,
    "V1_SNR": 6.093408093484596,
    "network_SNR": 16.118798923582947,
    "epoch": 126.0,
    "gmst": 2.7288901910520846,
    "duration": 128.0
}