{
    "mass_1_source": 2.090557726406965,
    "mass_2_source": 1.5028852714331569,
    "s1_z": 0.041422624933708393,
    "s2_z": -0.012993094420242768,
    "cos_iota": 0.34600431096982387,
    "d_L": 65.10102361687042,
    "t_c": -0.07500651635968439,
    "phase_c": 1.022325779288379,
    "psi": 2.441090989971302,
    "ra": 3.4296027654505887,
    "sin_dec": -0.8690034314853676,
    "q": 0.7188920221859462,
    "M_c": 1.5615380766039384,
    "eta": 0.24331364918910356,
    "iota": 1.217487324498142,
    "dec": -1.0531846856295652,
    "lambda_1": 33.97978054189383,
    "lambda_2": 337.6659984691346,
    "H1_SNR": 59.900180803189926,
    "L1_SNR": 46.83367814141181,
    "V1_SNR": 16.171910961837245,
    "network_SNR": 77.73645073365383,
    "epoch": 126.0,
    "gmst": 2.7288901910520846,
    "duration": 128.0
}