{
    "M_c": 2.1061917316006573,
    "q": 0.7970340997942609,
    "s1_z": -0.03461274661303651,
    "s2_z": -0.037477666991628134,
    "lambda_1": 3.1428652233793293,
    "lambda_2": 32.5822090326418,
    "cos_iota": -0.5253819329667184,
    "d_L": 130.56140838824092,
    "t_c": 0.05483209845113693,
    "phase_c": 2.4050699098768558,
    "psi": 2.0497635355992934,
    "ra": 3.157150276422309,
    "sin_dec": 0.9666877267847931,
    "eta": 0.24681086039523875,
    "iota": 2.1239602530234727,
    "dec": 1.3119570513799146,
    "H1_SNR": 24.63168351245313,
    "L1_SNR": 18.145383844242886,
    "V1_SNR": 30.707227969915717,
    "network_SNR": 43.34637974628262,
    "epoch": 62.0,
    "gmst": 2.7288901910520846,
    "duration": 64.0
}