{
    "M_c": 1.7436872769006486,
    "q": 0.7949402304543529,
    "s1_z": -0.022009091954946804,
    "s2_z": -0.01839897943117972,
    "lambda_1": 7.039733026387287,
    "lambda_2": 45.91739288488621,
    "cos_iota": -0.7567859865018511,
    "d_L": 372.2863631914785,
    "t_c": -0.08352836964796957,
    "phase_c": 2.4856625426657164,
    "psi": 0.6279716872887902,
    "ra": 4.281022790698559,
    "sin_dec": -0.6667768723853089,
    "eta": 0.2467371211010139,
    "iota": 2.4291784169887514,
    "dec": -0.7298755224926126,
    "H1_SNR": 15.613796477199047,
    "L1_SNR": 16.416512324185057,
    "V1_SNR": 6.478859165305551,
    "network_SNR": 23.56412810619941,
    "epoch": 126.0,
    "gmst": 2.7288901910520846,
    "duration": 128.0
}