{
    "mass_1_source": 1.9239603442321762,
    "mass_2_source": 1.6359602287387183,
    "s1_z": -0.0017125866943300955,
    "s2_z": -0.04099254038835834,
    "cos_iota": -0.3168277155769723,
    "d_L": 182.3003863690352,
    "t_c": 0.09607907893567177,
    "phase_c": 0.3113830656397387,
    "psi": 0.9723427788283616,
    "ra": 1.0328210023564741,
    "sin_dec": -0.4638608515313023,
    "q": 0.8503087049809259,
    "M_c": 1.6070302207593525,
    "eta": 0.24836376862588078,
    "iota": 1.8931793502669718,
    "dec": -0.48234832367070646,
    "lambda_1": 23.295086512852304,
    "lambda_2": 90.45181805868603,
    "H1_SNR": 9.985967087354096,
    "L1_SNR": 11.23270758814938,
    "V1_SNR": 7.076579254812503,
    "network_SNR": 16.612381899662388,
    "epoch": 126.0,
    "gmst": 2.7288901910520846,
    "duration": 128.0
}