{
    "mass_1_source": 1.681145353997597,
    "mass_2_source": 1.4723379817528668,
    "s1_z": -0.0017925184376198292,
    "s2_z": -0.04176128870341303,
    "cos_iota": -0.07648659166761718,
    "d_L": 779.8939438010025,
    "t_c": 0.07005243718721796,
    "phase_c": 5.143414302816467,
    "psi": 2.5453985889121755,
    "ra": 2.1557915138642514,
    "sin_dec": 0.7964210511426262,
    "q": 0.8757945755563569,
    "M_c": 1.610270530738437,
    "eta": 0.24890389897479814,
    "iota": 1.6473576924393567,
    "dec": 0.9213538018318036,
    "lambda_1": 74.18283814542123,
    "lambda_2": 185.77056562579403,
    "ET1_SNR": 7.5765088134283625,
    "ET2_SNR": 13.94228385702653,
    "ET3_SNR": 20.68731094208768,
    "network_SNR": 26.072123023729404,
    "epoch": 126.0,
    "gmst": 2.7288901910520846,
    "duration": 128.0
}