{
    "mass_1_source": 2.1529873644612256,
    "mass_2_source": 1.2099759783647823,
    "s1_z": 0.03755995347161932,
    "s2_z": 0.01910055419108736,
    "cos_iota": 0.9899144282826176,
    "d_L": 416.2264889708863,
    "t_c": 0.012370049555802787,
    "phase_c": 5.23111901882902,
    "psi": 1.8679687080683025,
    "ra": 6.137165684849719,
    "sin_dec": 0.26082600449173343,
    "q": 0.5619986435301597,
    "M_c": 1.524696089444381,
    "eta": 0.2303424397754825,
    "iota": 0.14214478947229045,
    "dec": 0.2638777252473343,
    "lambda_1": 43.74974581287896,
    "lambda_2": 1322.6192566745897,
    "H1_SNR": 12.086808003231738,
    "L1_SNR": 8.039647557097734,
    "V1_SNR": 7.661212637526685,
    "network_SNR": 16.414050067753934,
    "epoch": 126.0,
    "gmst": 2.7288901910520846,
    "duration": 128.0
}