{
    "mass_1_source": 1.8088586166453546,
    "mass_2_source": 1.1225470825036576,
    "s1_z": 0.012330077635631674,
    "s2_z": 0.038044934979496056,
    "cos_iota": -0.6702246202144466,
    "d_L": 407.99064212613604,
    "t_c": 0.0004257482128841722,
    "phase_c": 4.363183553036737,
    "psi": 1.427600388442641,
    "ra": 2.653023976881967,
    "sin_dec": 0.4948695036475854,
    "q": 0.6205830970833386,
    "M_c": 1.3472486381980633,
    "eta": 0.2362965238473926,
    "iota": 2.3053077309892234,
    "dec": 0.5176846511444785,
    "lambda_1": 41.71827093624513,
    "lambda_2": 980.2251961749222,
    "H1_SNR": 5.509387610037195,
    "L1_SNR": 5.735662110668044,
    "V1_SNR": 8.424538332293812,
    "network_SNR": 11.58550895721341,
    "epoch": 254.0,
    "gmst": 2.7288901910520846,
    "duration": 256.0
}