{
    "mass_1_source": 1.7248660624118164,
    "mass_2_source": 1.4673109287350987,
    "s1_z": 0.0029689062782167555,
    "s2_z": 0.008198074127855781,
    "cos_iota": 0.8379043456156459,
    "d_L": 435.26685500390556,
    "t_c": 0.00565120157430124,
    "phase_c": 1.288451696563743,
    "psi": 0.1981490163627033,
    "ra": 6.026145365432855,
    "sin_dec": 0.36395222103566605,
    "q": 0.8506810822652584,
    "M_c": 1.5201638194855087,
    "eta": 0.24837255431024935,
    "iota": 0.5773639773678098,
    "dec": 0.37250762619423633,
    "lambda_1": 39.264113171346324,
    "lambda_2": 132.95685636644603,
    "H1_SNR": 9.678351041994546,
    "L1_SNR": 5.231736373885423,
    "V1_SNR": 5.913578528110697,
    "network_SNR": 12.490474586101385,
    "epoch": 126.0,
    "gmst": 2.7288901910520846,
    "duration": 128.0
}