{
    "M_c": 1.494936259439723,
    "q": 0.8848153043658525,
    "s1_z": 0.002115880429667129,
    "s2_z": 0.03928147766223877,
    "lambda_1": 38.430159243385134,
    "lambda_2": 98.74773883089769,
    "cos_iota": 0.958755643916724,
    "d_L": 215.52793931769997,
    "t_c": -0.024466819225964498,
    "phase_c": 3.2441683524510805,
    "psi": 0.9821091219454111,
    "ra": 0.3306481132156454,
    "sin_dec": 0.3748302537147983,
    "eta": 0.2490663330889894,
    "iota": 0.2882049008623973,
    "dec": 0.3842136726002262,
    "H1_SNR": 27.947719918263054,
    "L1_SNR": 24.082130951781114,
    "V1_SNR": 8.02651078562894,
    "network_SNR": 37.75511826494825,
    "epoch": 126.0,
    "gmst": 2.7288901910520846,
    "duration": 128.0
}