{
    "mass_1_source": 1.8787609935351308,
    "mass_2_source": 1.103833132140602,
    "s1_z": 0.03420934717237348,
    "s2_z": -0.01905981971186308,
    "cos_iota": 0.8537243021140091,
    "d_L": 348.3288122553874,
    "t_c": 0.09182575007208232,
    "phase_c": 0.09801399934501846,
    "psi": 2.609281428304442,
    "ra": 2.5949020826422142,
    "sin_dec": 0.4858889036263907,
    "q": 0.5875324939888165,
    "M_c": 1.342918572652257,
    "eta": 0.2331238163221666,
    "iota": 0.5477002776623046,
    "dec": 0.5073799087647228,
    "lambda_1": 29.688595338614203,
    "lambda_2": 1080.5517773430213,
    "H1_SNR": 8.174828978606186,
    "L1_SNR": 8.796935420257853,
    "V1_SNR": 11.752051592800894,
    "network_SNR": 16.802518211788993,
    "epoch": 254.0,
    "gmst": 2.7288901910520846,
    "duration": 256.0
}