{
    "mass_1_source": 1.9846562403429207,
    "mass_2_source": 1.3982383796761795,
    "s1_z": -0.006934555185790871,
    "s2_z": -0.04401718051441572,
    "cos_iota": -0.8286801132282209,
    "d_L": 686.5598363327653,
    "t_c": -0.0025136102750962647,
    "phase_c": 1.710008934556391,
    "psi": 2.022813332984287,
    "ra": 2.1421726830267946,
    "sin_dec": 0.5500347821191363,
    "q": 0.7045242149514939,
    "M_c": 1.6700675174227075,
    "eta": 0.24248762171897623,
    "iota": 2.5475417689614344,
    "dec": 0.5824058854599765,
    "lambda_1": 15.801633414468307,
    "lambda_2": 259.2544421404389,
    "ET1_SNR": 38.44149023522442,
    "ET2_SNR": 38.90445359029318,
    "ET3_SNR": 38.776141569212,
    "network_SNR": 67.0439694205206,
    "epoch": 126.0,
    "gmst": 2.7288901910520846,
    "duration": 128.0
}