{
    "M_c": 1.8786363671597561,
    "q": 0.387892447343197,
    "s1_z": -0.019927102125107645,
    "s2_z": -0.004875382909501,
    "lambda_1": 5.2203813963268075,
    "lambda_2": 579.2693235989715,
    "cos_iota": 0.6232562965213471,
    "d_L": 242.6312057440306,
    "t_c": -0.02989670640816562,
    "phase_c": 3.9473219392903283,
    "psi": 1.850144594262869,
    "ra": 0.49652462830211724,
    "sin_dec": -0.16436978860649365,
    "eta": 0.20137228527707218,
    "iota": 0.8978965300076163,
    "dec": -0.16511907602907916,
    "H1_SNR": 12.145395204901742,
    "L1_SNR": 13.656011724320958,
    "V1_SNR": 12.207996609175654,
    "network_SNR": 21.977999501949352,
    "epoch": 126.0,
    "gmst": 2.7288901910520846,
    "duration": 128.0
}