{
    "mass_1_source": 1.7304783227784104,
    "mass_2_source": 1.5243727789420292,
    "s1_z": 0.026300469107481836,
    "s2_z": -0.008688777649094016,
    "cos_iota": 0.8003903613729237,
    "d_L": 263.0851267078601,
    "t_c": 0.07920479984698003,
    "phase_c": 4.820633990079921,
    "psi": 1.1117896328525187,
    "ra": 2.5927486422103376,
    "sin_dec": 0.6910966864890664,
    "q": 0.8808967780044401,
    "M_c": 1.4973623381491914,
    "eta": 0.24899756296300524,
    "iota": 0.6428502240251426,
    "dec": 0.7630053084428893,
    "lambda_1": 188.8493790535199,
    "lambda_2": 387.9494595435638,
    "H1_SNR": 11.77066040855648,
    "L1_SNR": 11.557533469628034,
    "V1_SNR": 16.656288697928677,
    "network_SNR": 23.44263166847694,
    "epoch": 126.0,
    "gmst": 2.7288901910520846,
    "duration": 128.0
}