{
    "mass_1_source": 1.6697627278423448,
    "mass_2_source": 1.5835212219531614,
    "s1_z": 0.012494152459700827,
    "s2_z": -0.004649759720779967,
    "cos_iota": -0.3798032385316801,
    "d_L": 610.2109170610181,
    "t_c": 0.018083518303442597,
    "phase_c": 1.377960198113848,
    "psi": 1.6276012188980238,
    "ra": 2.8218442790914953,
    "sin_dec": -0.4588150039826635,
    "q": 0.9483510414676557,
    "M_c": 1.6106443246669129,
    "eta": 0.24982431740813119,
    "iota": 1.9603799143527207,
    "dec": -0.4766610823296073,
    "lambda_1": 77.99067269098637,
    "lambda_2": 113.78582476641262,
    "ET1_SNR": 11.814496430986996,
    "ET2_SNR": 11.685965528333707,
    "ET3_SNR": 19.49903571669881,
    "network_SNR": 25.619455695394937,
    "epoch": 126.0,
    "gmst": 2.7288901910520846,
    "duration": 128.0
}