{
    "mass_1_source": 1.878542006878928,
    "mass_2_source": 1.7104055068051918,
    "s1_z": 0.041510741410676455,
    "s2_z": 0.03250901114685001,
    "cos_iota": 0.5495740507874673,
    "d_L": 269.98272177279813,
    "t_c": 0.014371149966099367,
    "phase_c": 5.816439222500714,
    "psi": 0.48845073097357583,
    "ra": 2.4391942157935906,
    "sin_dec": 0.2579575102680183,
    "q": 0.910496278785331,
    "M_c": 1.6552962132824183,
    "eta": 0.24945130651905642,
    "iota": 0.9889420215725199,
    "dec": 0.26090756774393,
    "lambda_1": 114.45718015399436,
    "lambda_2": 201.62753413707705,
    "H1_SNR": 7.400099998713074,
    "L1_SNR": 9.803388665267104,
    "V1_SNR": 10.967563632520934,
    "network_SNR": 16.46679572189552,
    "epoch": 126.0,
    "gmst": 2.7288901910520846,
    "duration": 128.0
}