{
    "M_c": 1.4877430268818668,
    "q": 0.4444313912883595,
    "s1_z": -0.015469140945119066,
    "s2_z": -0.03404770412531269,
    "lambda_1": 5.2203813963268075,
    "lambda_2": 1454.6557681473626,
    "cos_iota": 0.879890626112966,
    "d_L": 494.8179751068057,
    "t_c": 0.04186134661145777,
    "phase_c": 1.256864086784757,
    "psi": 1.675328086930478,
    "ra": 3.6766336974524796,
    "sin_dec": 0.18164591217704462,
    "eta": 0.21301534516978532,
    "iota": 0.4951643508151082,
    "dec": 0.18265995015581588,
    "H1_SNR": 6.771147653579113,
    "L1_SNR": 7.889394316988149,
    "V1_SNR": 6.888623276028411,
    "network_SNR": 12.471732593129763,
    "epoch": 126.0,
    "gmst": 2.7288901910520846,
    "duration": 128.0
}