{
    "mass_1_source": 1.618759127941028,
    "mass_2_source": 1.473892083425622,
    "s1_z": -0.006994665766287864,
    "s2_z": -0.007972938837773058,
    "cos_iota": -0.8586802225489416,
    "d_L": 382.9366772876949,
    "t_c": 0.09039767430055035,
    "phase_c": 2.1081512520212686,
    "psi": 2.417296803171442,
    "ra": 0.15684347671444074,
    "sin_dec": 0.5599429706307713,
    "q": 0.9105073497255463,
    "M_c": 1.4607068600984139,
    "eta": 0.24945144860672028,
    "iota": 2.6034853006443797,
    "dec": 0.5943169665049853,
    "lambda_1": 64.38525774454007,
    "lambda_2": 128.65174711151403,
    "H1_SNR": 14.39636831734183,
    "L1_SNR": 10.752003504741733,
    "V1_SNR": 2.5532119349121367,
    "network_SNR": 18.148826168078198,
    "epoch": 126.0,
    "gmst": 2.7288901910520846,
    "duration": 128.0
}